True_Label,Predicted_Label
1,1
1,1
1,17
1,1
1,1
1,1
1,1
1,1
1,1
1,1
1,1
1,1
1,1
1,2
1,1
1,1
1,2
1,14
1,1
1,1
1,1
1,15
1,1
1,1
1,1
1,1
1,1
1,1
1,1
1,1
1,1
1,1
1,1
1,1
1,2
1,1
1,1
1,17
1,1
1,1
1,1
1,1
1,13
1,1
1,1
1,1
1,17
1,1
1,1
1,1
1,1
1,1
1,1
1,1
1,1
1,1
1,1
1,1
1,1
1,14
1,1
1,1
1,1
1,1
1,1
1,1
1,1
1,1
1,1
1,17
1,17
1,14
1,1
1,13
1,1
1,1
1,1
1,17
1,1
1,1
1,1
1,1
1,17
1,15
1,17
1,1
1,1
1,1
1,17
1,20
1,1
1,1
1,1
1,1
1,15
1,1
1,1
1,1
1,1
1,17
1,1
1,1
1,1
1,14
1,1
1,14
1,1
1,1
1,7
1,1
1,1
1,1
1,14
1,1
1,1
1,17
1,1
1,1
1,8
1,20
1,1
1,1
1,1
1,1
1,1
1,1
1,1
1,1
1,1
1,4
1,1
1,1
1,1
1,1
1,1
1,1
1,1
1,1
1,1
1,1
1,1
1,1
1,1
1,1
1,1
1,1
1,1
1,17
1,1
1,1
1,1
1,1
1,1
1,1
1,1
1,17
1,1
1,1
1,1
1,1
1,1
1,23
1,1
1,1
1,1
1,2
1,1
1,1
1,1
1,17
1,1
1,1
1,1
1,1
1,1
1,1
1,5
1,1
1,1
1,1
1,1
1,14
1,1
1,1
1,1
1,1
1,1
1,1
1,5
1,1
1,7
1,15
1,17
1,1
1,1
1,1
1,1
1,1
1,20
1,1
1,1
1,1
1,1
1,8
1,1
1,1
1,1
1,7
1,1
1,17
1,1
1,1
1,3
1,1
1,1
1,4
1,1
1,1
1,1
1,1
1,1
1,1
1,17
1,1
1,1
1,1
1,7
1,1
1,1
1,1
1,1
1,26
1,1
1,1
1,1
1,1
1,1
1,1
1,7
1,1
1,1
1,14
1,1
1,1
1,1
1,1
1,1
1,1
1,1
1,1
1,1
1,26
1,17
1,7
1,1
1,1
1,1
1,1
1,1
1,17
1,1
1,1
1,1
1,1
1,1
1,1
1,4
1,1
1,5
1,1
1,1
1,1
1,1
1,1
1,13
1,1
1,1
1,14
1,1
1,1
1,1
1,1
1,1
1,1
1,1
1,17
1,1
1,1
1,1
1,14
1,1
1,1
1,1
1,1
1,9
1,1
1,6
1,1
1,1
1,18
1,1
1,1
1,14
1,2
1,1
1,1
1,18
1,14
1,1
1,1
1,1
1,1
1,1
1,1
1,1
1,1
1,1
1,1
1,1
1,17
1,1
1,1
1,1
1,1
1,8
1,1
1,1
1,1
1,1
1,1
1,1
1,1
1,1
1,1
1,1
1,1
1,1
1,1
1,1
1,1
1,1
1,1
1,1
1,1
1,1
1,1
1,1
1,1
1,1
1,1
1,1
1,1
1,14
1,1
1,1
1,1
1,1
1,1
1,1
1,1
1,1
1,1
1,1
1,17
1,8
1,1
1,1
1,1
1,1
1,17
1,1
1,5
1,1
1,1
1,17
1,1
1,1
1,1
1,1
1,1
1,1
1,1
1,17
1,1
1,1
1,1
1,1
1,1
1,1
1,1
1,1
1,1
1,1
1,17
1,23
1,1
1,1
1,1
1,7
1,1
1,1
1,1
1,1
1,21
1,1
1,1
1,1
1,1
1,1
1,1
1,1
1,1
1,5
1,26
1,1
1,1
1,1
1,1
1,17
1,17
1,1
1,1
1,1
1,1
1,1
1,1
1,1
1,1
1,1
1,1
1,1
1,1
1,13
1,1
1,1
1,1
1,1
1,1
1,1
1,17
1,17
1,15
1,4
1,1
1,1
1,1
1,1
1,1
1,4
1,1
1,1
1,1
1,1
1,1
1,17
1,1
1,1
1,1
1,1
1,1
1,17
1,1
1,1
1,1
1,1
1,1
1,1
1,17
1,1
1,1
1,1
1,1
1,1
1,1
1,1
1,1
1,1
1,1
1,1
1,26
1,5
1,1
1,1
1,1
1,1
1,1
1,1
1,1
1,1
1,1
1,1
1,4
1,1
1,1
1,14
1,1
1,1
1,1
1,1
1,1
2,2
2,2
2,1
2,8
2,19
2,8
2,2
2,2
2,2
2,2
2,2
2,2
2,2
2,2
2,2
2,2
2,2
2,2
2,2
2,2
2,2
2,2
2,2
2,2
2,2
2,2
2,2
2,2
2,2
2,2
2,2
2,2
2,2
2,2
2,26
2,2
2,2
2,24
2,2
2,2
2,2
2,2
2,2
2,2
2,2
2,2
2,17
2,1
2,2
2,2
2,2
2,2
2,2
2,2
2,2
2,2
2,2
2,2
2,2
2,17
2,2
2,8
2,2
2,2
2,2
2,2
2,2
2,2
2,2
2,2
2,8
2,2
2,2
2,2
2,2
2,2
2,2
2,2
2,2
2,2
2,2
2,2
2,2
2,2
2,2
2,2
2,2
2,2
2,2
2,2
2,1
2,2
2,2
2,2
2,2
2,2
2,2
2,2
2,2
2,2
2,2
2,8
2,2
2,2
2,2
2,2
2,2
2,2
2,2
2,2
2,2
2,12
2,8
2,2
2,8
2,2
2,14
2,2
2,2
2,8
2,2
2,2
2,2
2,2
2,2
2,2
2,2
2,2
2,8
2,2
2,2
2,2
2,2
2,2
2,2
2,2
2,2
2,2
2,2
2,8
2,2
2,2
2,2
2,2
2,2
2,2
2,2
2,2
2,2
2,2
2,2
2,2
2,2
2,2
2,2
2,2
2,2
2,2
2,2
2,8
2,2
2,2
2,2
2,2
2,2
2,2
2,2
2,2
2,2
2,2
2,8
2,2
2,2
2,2
2,2
2,2
2,2
2,2
2,2
2,2
2,2
2,2
2,8
2,2
2,1
2,2
2,2
2,2
2,2
2,4
2,2
2,2
2,2
2,2
2,2
2,2
2,2
2,8
2,2
2,2
2,2
2,2
2,2
2,2
2,2
2,5
2,2
2,2
2,2
2,2
2,2
2,2
2,2
2,2
2,1
2,20
2,15
2,2
2,2
2,2
2,2
2,2
2,2
2,2
2,2
2,2
2,2
2,1
2,2
2,2
2,2
2,5
2,2
2,2
2,2
2,2
2,2
2,2
2,2
2,2
2,2
2,2
2,2
2,2
2,2
2,2
2,2
2,2
2,2
2,2
2,2
2,2
2,2
2,2
2,2
2,8
2,2
2,2
2,1
2,2
2,2
2,5
2,2
2,2
2,1
2,2
2,1
2,2
2,8
2,14
2,2
2,2
2,18
2,2
2,2
2,2
2,2
2,2
2,2
2,2
2,15
2,2
2,2
2,8
2,2
2,2
2,2
2,2
2,8
2,2
2,1
2,2
2,2
2,2
2,2
2,2
2,2
2,2
2,2
2,5
2,7
2,7
2,2
2,2
2,8
2,2
2,2
2,2
2,26
2,7
2,2
2,4
2,2
2,2
2,2
2,2
2,1
2,2
2,2
2,8
2,2
2,2
2,2
2,2
2,2
2,2
2,8
2,2
2,2
2,2
2,2
2,2
2,2
2,2
2,2
2,2
2,2
2,2
2,8
2,2
2,2
2,2
2,2
2,2
2,2
2,20
2,2
2,2
2,2
2,2
2,2
2,2
2,2
2,2
2,18
2,2
2,2
2,2
2,2
2,2
2,2
2,2
2,2
2,2
2,2
2,2
2,2
2,2
2,2
2,2
2,2
2,24
2,2
2,2
2,2
2,2
2,2
2,2
2,2
2,2
2,2
2,2
2,2
2,8
2,2
2,2
2,2
2,2
2,2
2,2
2,2
2,2
2,2
2,2
2,4
2,12
2,15
2,5
2,2
2,2
2,2
2,2
2,2
2,2
2,2
2,2
2,2
2,2
2,2
2,2
2,2
2,2
2,2
2,2
2,2
2,8
2,8
2,2
2,1
2,7
2,5
2,2
2,2
2,2
2,2
2,2
2,2
2,2
2,2
2,2
2,2
2,18
2,17
2,2
2,2
2,2
2,2
2,2
2,2
2,17
2,2
2,2
2,2
2,2
2,2
2,2
2,2
2,2
2,8
2,2
2,1
2,2
2,2
2,2
2,2
2,2
2,2
2,2
2,2
2,2
2,2
2,2
2,2
2,2
2,2
2,8
2,2
2,2
2,2
2,18
2,2
2,16
2,2
2,2
2,2
2,2
2,26
2,2
2,2
2,7
2,2
2,2
2,2
2,8
2,2
2,2
2,2
2,2
2,2
2,2
2,2
2,2
2,2
2,2
2,7
2,2
2,2
2,2
2,1
2,2
3,3
3,15
3,3
3,3
3,3
3,7
3,3
3,3
3,5
3,3
3,5
3,3
3,3
3,3
3,3
3,3
3,3
3,3
3,3
3,3
3,3
3,3
3,3
3,3
3,3
3,3
3,7
3,3
3,3
3,5
3,3
3,3
3,3
3,3
3,3
3,3
3,3
3,6
3,3
3,3
3,3
3,7
3,3
3,3
3,15
3,3
3,3
3,3
3,3
3,3
3,5
3,3
3,3
3,3
3,3
3,3
3,5
3,12
3,3
3,3
3,3
3,3
3,3
3,18
3,5
3,3
3,3
3,3
3,3
3,3
3,3
3,3
3,3
3,3
3,3
3,3
3,3
3,3
3,3
3,3
3,12
3,3
3,3
3,3
3,3
3,3
3,3
3,3
3,3
3,21
3,3
3,3
3,3
3,3
3,3
3,7
3,3
3,3
3,19
3,3
3,3
3,3
3,3
3,3
3,3
3,3
3,5
3,5
3,3
3,3
3,3
3,3
3,3
3,5
3,3
3,3
3,3
3,3
3,3
3,3
3,3
3,3
3,3
3,3
3,3
3,7
3,5
3,3
3,5
3,3
3,7
3,3
3,3
3,3
3,3
3,3
3,3
3,5
3,3
3,3
3,3
3,3
3,3
3,3
3,3
3,3
3,3
3,3
3,3
3,3
3,3
3,3
3,3
3,3
3,3
3,3
3,3
3,3
3,3
3,3
3,3
3,17
3,3
3,3
3,3
3,3
3,3
3,3
3,3
3,3
3,3
3,7
3,3
3,3
3,3
3,3
3,3
3,5
3,3
3,3
3,3
3,3
3,7
3,5
3,11
3,3
3,3
3,3
3,3
3,3
3,3
3,3
3,3
3,3
3,3
3,3
3,3
3,3
3,3
3,3
3,3
3,3
3,3
3,3
3,3
3,5
3,3
3,3
3,3
3,7
3,3
3,3
3,3
3,3
3,3
3,3
3,3
3,3
3,9
3,3
3,3
3,3
3,3
3,3
3,3
3,3
3,3
3,3
3,3
3,3
3,3
3,3
3,3
3,3
3,3
3,5
3,3
3,3
3,3
3,3
3,3
3,3
3,3
3,3
3,3
3,3
3,3
3,3
3,3
3,3
3,3
3,3
3,3
3,1
3,3
3,3
3,3
3,3
3,3
3,3
3,3
3,3
3,3
3,3
3,3
3,7
3,3
3,3
3,9
3,3
3,3
3,3
3,3
3,3
3,3
3,3
3,3
3,3
3,3
3,3
3,3
3,3
3,3
3,3
3,3
3,3
3,3
3,3
3,7
3,3
3,3
3,3
3,3
3,15
3,3
3,3
3,3
3,3
3,3
3,3
3,3
3,5
3,3
3,3
3,3
3,3
3,3
3,3
3,3
3,5
3,3
3,3
3,3
3,3
3,3
3,5
3,3
3,3
3,3
3,3
3,3
3,3
3,1
3,3
3,3
3,3
3,3
3,3
3,3
3,5
3,3
3,5
3,3
3,3
3,3
3,3
3,3
3,3
3,3
3,3
3,3
3,3
3,3
3,3
3,7
3,3
3,3
3,3
3,3
3,3
3,3
3,3
3,3
3,3
3,3
3,5
3,3
3,3
3,3
3,3
3,3
3,3
3,3
3,3
3,3
3,3
3,3
3,3
3,5
3,3
3,3
3,3
3,3
3,3
3,3
3,5
3,3
3,3
3,3
3,7
3,3
3,3
3,3
3,3
3,5
3,3
3,5
3,3
3,3
3,3
3,3
3,3
3,3
3,3
3,15
3,3
3,3
3,3
3,3
3,3
3,3
3,3
3,3
3,3
3,5
3,1
3,3
3,3
3,5
3,3
3,3
3,3
3,3
3,3
3,3
3,3
3,3
3,3
3,3
3,5
3,3
3,5
3,3
3,3
3,3
3,3
3,3
3,3
3,3
3,3
3,3
3,3
3,3
3,3
3,3
3,3
3,3
3,3
3,3
3,3
3,3
3,3
3,5
3,3
3,3
3,3
3,3
3,3
3,3
3,3
3,3
3,3
3,1
3,3
3,3
3,3
3,3
3,3
3,3
3,3
3,15
3,3
3,3
3,1
3,3
3,3
3,14
3,3
3,3
3,3
3,3
3,3
3,3
3,3
3,3
3,3
3,3
3,3
3,3
3,3
3,3
3,3
3,5
3,3
3,3
3,3
3,3
3,3
3,3
3,3
3,3
3,3
3,3
3,3
3,3
3,3
3,3
3,3
3,3
3,3
4,4
4,4
4,10
4,26
4,4
4,4
4,4
4,4
4,4
4,15
4,4
4,4
4,4
4,4
4,4
4,4
4,4
4,4
4,4
4,4
4,4
4,15
4,4
4,4
4,4
4,4
4,4
4,4
4,2
4,4
4,4
4,4
4,4
4,4
4,4
4,4
4,4
4,1
4,4
4,4
4,4
4,4
4,4
4,4
4,10
4,4
4,8
4,4
4,4
4,4
4,4
4,4
4,4
4,4
4,4
4,4
4,4
4,12
4,4
4,4
4,4
4,4
4,4
4,4
4,4
4,4
4,4
4,4
4,4
4,9
4,4
4,4
4,4
4,4
4,20
4,4
4,4
4,4
4,4
4,4
4,4
4,4
4,4
4,4
4,4
4,4
4,4
4,15
4,4
4,4
4,4
4,4
4,4
4,4
4,4
4,4
4,4
4,15
4,4
4,4
4,4
4,4
4,4
4,4
4,4
4,4
4,4
4,4
4,2
4,4
4,4
4,4
4,4
4,4
4,4
4,4
4,4
4,4
4,4
4,4
4,4
4,14
4,4
4,4
4,4
4,4
4,4
4,4
4,4
4,4
4,4
4,4
4,10
4,4
4,4
4,4
4,1
4,4
4,4
4,15
4,4
4,4
4,4
4,4
4,12
4,4
4,4
4,4
4,4
4,4
4,4
4,4
4,4
4,4
4,4
4,4
4,4
4,4
4,4
4,4
4,4
4,4
4,4
4,4
4,4
4,4
4,4
4,4
4,4
4,4
4,4
4,4
4,4
4,9
4,4
4,4
4,4
4,4
4,4
4,4
4,4
4,4
4,4
4,4
4,4
4,4
4,4
4,4
4,4
4,4
4,4
4,4
4,4
4,15
4,4
4,4
4,4
4,4
4,4
4,4
4,4
4,4
4,4
4,4
4,4
4,4
4,4
4,4
4,4
4,4
4,4
4,4
4,4
4,16
4,15
4,4
4,12
4,4
4,4
4,4
4,4
4,1
4,4
4,14
4,4
4,4
4,4
4,4
4,4
4,14
4,4
4,4
4,4
4,4
4,4
4,4
4,4
4,4
4,4
4,4
4,4
4,4
4,4
4,4
4,4
4,4
4,4
4,4
4,4
4,4
4,10
4,4
4,4
4,4
4,4
4,4
4,4
4,4
4,4
4,4
4,4
4,4
4,4
4,4
4,4
4,4
4,4
4,4
4,4
4,4
4,10
4,4
4,4
4,4
4,4
4,1
4,4
4,8
4,4
4,4
4,4
4,4
4,4
4,4
4,4
4,4
4,4
4,4
4,4
4,4
4,4
4,10
4,4
4,4
4,4
4,4
4,4
4,4
4,4
4,4
4,4
4,4
4,4
4,4
4,4
4,4
4,4
4,4
4,4
4,4
4,1
4,4
4,15
4,4
4,14
4,4
4,4
4,4
4,4
4,15
4,4
4,4
4,4
4,4
4,4
4,4
4,8
4,4
4,1
4,4
4,4
4,4
4,4
4,14
4,4
4,15
4,15
4,4
4,4
4,4
4,4
4,4
4,4
4,4
4,10
4,4
4,4
4,9
4,4
4,4
4,4
4,4
4,10
4,4
4,4
4,4
4,4
4,4
4,4
4,4
4,4
4,4
4,10
4,4
4,4
4,4
4,4
4,4
4,2
4,4
4,1
4,4
4,4
4,4
4,4
4,4
4,4
4,4
4,4
4,1
4,12
4,4
4,4
4,4
4,10
4,4
4,4
4,8
4,4
4,4
4,4
4,4
4,4
4,4
4,4
4,4
4,4
4,4
4,4
4,4
4,4
4,4
4,4
4,4
4,4
4,4
4,4
4,4
4,4
4,4
4,4
4,10
4,4
4,4
4,4
4,4
4,4
4,4
4,4
4,4
4,4
4,4
4,4
4,5
4,4
4,4
4,4
4,4
4,4
4,10
4,4
4,4
4,4
4,4
4,10
4,4
4,4
4,4
4,4
4,4
4,4
4,4
4,4
4,4
4,4
4,15
4,4
4,4
4,4
4,4
4,4
4,10
4,9
4,4
4,15
4,4
4,4
4,4
4,4
4,4
4,4
4,4
4,4
4,4
4,4
4,4
4,4
4,4
4,4
4,4
4,4
4,4
4,4
4,4
4,10
4,4
4,4
4,4
4,4
4,4
4,4
4,10
4,4
4,4
4,4
4,4
4,4
4,4
4,4
4,4
4,4
4,4
4,4
4,4
4,4
4,4
4,4
4,4
4,4
4,4
5,5
5,5
5,5
5,5
5,5
5,5
5,5
5,5
5,3
5,5
5,5
5,5
5,5
5,5
5,5
5,5
5,5
5,5
5,5
5,5
5,5
5,5
5,5
5,5
5,5
5,5
5,3
5,7
5,5
5,5
5,5
5,5
5,7
5,5
5,5
5,5
5,17
5,5
5,3
5,5
5,5
5,5
5,5
5,5
5,5
5,5
5,5
5,7
5,5
5,5
5,5
5,5
5,5
5,5
5,5
5,5
5,5
5,5
5,5
5,5
5,3
5,5
5,5
5,5
5,5
5,5
5,5
5,5
5,3
5,5
5,5
5,5
5,5
5,3
5,5
5,3
5,5
5,5
5,5
5,5
5,5
5,5
5,5
5,5
5,5
5,5
5,5
5,5
5,5
5,5
5,5
5,3
5,5
5,5
5,5
5,5
5,3
5,6
5,5
5,5
5,5
5,5
5,5
5,5
5,1
5,5
5,5
5,5
5,5
5,3
5,5
5,5
5,5
5,5
5,5
5,5
5,5
5,5
5,5
5,5
5,5
5,7
5,5
5,5
5,5
5,3
5,5
5,5
5,5
5,5
5,5
5,5
5,5
5,5
5,5
5,3
5,5
5,5
5,5
5,5
5,6
5,5
5,6
5,6
5,3
5,6
5,5
5,6
5,5
5,5
5,5
5,5
5,5
5,5
5,5
5,5
5,6
5,5
5,5
5,5
5,16
5,5
5,5
5,5
5,5
5,3
5,5
5,6
5,5
5,5
5,5
5,5
5,5
5,5
5,5
5,5
5,5
5,23
5,5
5,5
5,3
5,5
5,6
5,5
5,3
5,5
5,5
5,5
5,5
5,5
5,5
5,5
5,5
5,5
5,5
5,5
5,5
5,5
5,5
5,5
5,5
5,5
5,5
5,5
5,5
5,5
5,5
5,5
5,5
5,5
5,5
5,5
5,5
5,5
5,5
5,6
5,17
5,5
5,5
5,5
5,5
5,5
5,5
5,5
5,5
5,5
5,3
5,5
5,5
5,5
5,5
5,5
5,2
5,3
5,5
5,5
5,5
5,5
5,5
5,19
5,5
5,5
5,5
5,5
5,3
5,5
5,5
5,5
5,5
5,3
5,5
5,5
5,5
5,5
5,5
5,5
5,5
5,5
5,5
5,5
5,5
5,5
5,5
5,5
5,3
5,5
5,5
5,5
5,5
5,5
5,5
5,5
5,5
5,5
5,5
5,5
5,5
5,5
5,5
5,5
5,5
5,3
5,5
5,3
5,5
5,5
5,6
5,5
5,5
5,5
5,5
5,5
5,5
5,5
5,5
5,5
5,5
5,5
5,5
5,5
5,5
5,5
5,5
5,5
5,3
5,5
5,5
5,6
5,5
5,5
5,5
5,5
5,5
5,5
5,5
5,5
5,5
5,5
5,6
5,6
5,5
5,3
5,5
5,5
5,5
5,3
5,5
5,5
5,5
5,5
5,5
5,5
5,5
5,5
5,19
5,5
5,5
5,5
5,5
5,5
5,5
5,5
5,5
5,5
5,1
5,5
5,5
5,5
5,5
5,5
5,5
5,5
5,5
5,5
5,7
5,5
5,6
5,5
5,6
5,5
5,5
5,5
5,5
5,5
5,5
5,5
5,5
5,5
5,5
5,5
5,5
5,5
5,6
5,3
5,5
5,5
5,20
5,5
5,5
5,5
5,5
5,5
5,5
5,5
5,24
5,5
5,5
5,5
5,5
5,5
5,1
5,5
5,5
5,5
5,5
5,5
5,5
5,5
5,5
5,5
5,5
5,3
5,5
5,6
5,5
5,5
5,5
5,5
5,18
5,5
5,5
5,6
5,5
5,5
5,5
5,5
5,5
5,5
5,5
5,5
5,5
5,5
5,5
5,5
5,5
5,7
5,5
5,5
5,5
5,5
5,5
5,5
5,5
5,15
5,5
5,5
5,5
5,5
5,5
5,5
5,5
5,2
5,5
5,5
5,3
5,5
5,5
5,5
5,5
5,5
5,5
5,5
5,5
5,5
5,5
5,5
5,3
5,5
5,5
5,5
5,5
5,5
5,5
5,5
5,5
5,5
5,5
5,3
5,5
5,5
5,5
5,5
5,5
5,5
5,5
5,5
5,5
5,5
5,5
5,5
5,5
5,5
5,5
5,5
5,5
5,5
5,5
5,5
5,5
5,5
5,3
5,5
5,5
5,5
5,5
5,2
5,5
5,2
5,5
5,5
6,6
6,6
6,6
6,6
6,18
6,6
6,6
6,6
6,19
6,6
6,6
6,16
6,6
6,6
6,6
6,6
6,6
6,20
6,6
6,6
6,6
6,6
6,6
6,6
6,6
6,6
6,7
6,6
6,6
6,6
6,6
6,6
6,6
6,6
6,18
6,6
6,6
6,6
6,6
6,18
6,6
6,6
6,6
6,6
6,6
6,6
6,6
6,6
6,6
6,3
6,20
6,6
6,6
6,6
6,6
6,6
6,6
6,6
6,6
6,6
6,6
6,6
6,6
6,6
6,6
6,6
6,6
6,6
6,6
6,6
6,6
6,6
6,6
6,6
6,6
6,6
6,6
6,4
6,6
6,20
6,6
6,20
6,6
6,6
6,6
6,6
6,6
6,6
6,6
6,6
6,6
6,6
6,6
6,6
6,16
6,19
6,6
6,6
6,6
6,6
6,6
6,6
6,18
6,6
6,6
6,6
6,6
6,6
6,6
6,6
6,6
6,6
6,6
6,6
6,6
6,6
6,6
6,19
6,6
6,6
6,6
6,6
6,6
6,6
6,6
6,6
6,6
6,6
6,6
6,6
6,6
6,6
6,5
6,6
6,20
6,6
6,6
6,6
6,16
6,6
6,6
6,20
6,6
6,6
6,6
6,6
6,6
6,6
6,2
6,6
6,6
6,6
6,6
6,6
6,6
6,6
6,6
6,6
6,6
6,6
6,6
6,6
6,6
6,6
6,6
6,6
6,6
6,6
6,6
6,6
6,6
6,6
6,20
6,20
6,11
6,6
6,6
6,6
6,6
6,10
6,18
6,6
6,6
6,6
6,6
6,6
6,20
6,5
6,6
6,6
6,6
6,6
6,9
6,6
6,6
6,6
6,6
6,6
6,16
6,6
6,6
6,6
6,6
6,16
6,6
6,6
6,6
6,6
6,6
6,19
6,6
6,20
6,5
6,6
6,20
6,6
6,6
6,6
6,6
6,6
6,6
6,6
6,6
6,6
6,6
6,6
6,6
6,6
6,6
6,6
6,6
6,6
6,6
6,20
6,6
6,6
6,6
6,6
6,6
6,6
6,6
6,6
6,6
6,6
6,6
6,6
6,6
6,6
6,6
6,6
6,6
6,6
6,6
6,6
6,6
6,6
6,16
6,6
6,6
6,6
6,6
6,6
6,6
6,16
6,6
6,20
6,6
6,6
6,6
6,6
6,6
6,6
6,6
6,6
6,6
6,6
6,6
6,6
6,6
6,6
6,6
6,6
6,6
6,6
6,6
6,6
6,6
6,6
6,6
6,6
6,6
6,6
6,6
6,6
6,7
6,6
6,6
6,6
6,6
6,6
6,6
6,6
6,6
6,16
6,6
6,6
6,6
6,6
6,6
6,6
6,6
6,6
6,6
6,24
6,6
6,6
6,6
6,6
6,6
6,6
6,6
6,6
6,6
6,6
6,5
6,6
6,6
6,6
6,6
6,6
6,6
6,20
6,5
6,6
6,6
6,6
6,6
6,6
6,6
6,6
6,6
6,26
6,6
6,6
6,6
6,6
6,6
6,6
6,6
6,6
6,6
6,6
6,6
6,6
6,6
6,6
6,6
6,6
6,6
6,20
6,6
6,6
6,6
6,6
6,6
6,6
6,6
6,6
6,6
6,6
6,6
6,6
6,6
6,6
6,6
6,6
6,6
6,6
6,6
6,6
6,6
6,6
6,6
6,6
6,6
6,6
6,6
6,6
6,1
6,6
6,6
6,5
6,6
6,6
6,6
6,6
6,6
6,6
6,6
6,6
6,6
6,6
6,6
6,6
6,6
6,6
6,20
6,6
6,6
6,6
6,6
6,20
6,6
6,16
6,6
6,6
6,20
6,6
6,6
6,6
6,6
6,6
6,6
6,6
6,6
6,6
6,6
6,6
6,6
6,6
6,6
6,6
6,6
6,6
6,6
6,6
6,6
6,6
6,6
6,18
6,6
6,6
6,6
6,20
6,6
6,18
6,5
6,6
6,6
6,6
6,6
6,6
6,6
6,6
6,6
6,6
6,6
6,9
6,6
6,6
6,6
6,6
6,6
6,6
6,6
6,6
6,5
6,6
6,6
6,6
6,6
6,6
6,6
6,6
6,6
6,6
6,6
6,6
6,6
6,6
6,6
6,6
6,6
6,6
6,6
6,6
6,6
6,6
6,6
6,19
6,6
6,3
6,6
6,6
6,6
6,9
6,6
6,6
6,6
6,6
7,7
7,7
7,7
7,7
7,17
7,7
7,7
7,7
7,17
7,7
7,7
7,7
7,19
7,17
7,17
7,7
7,7
7,2
7,2
7,7
7,7
7,7
7,7
7,5
7,3
7,1
7,7
7,7
7,17
7,7
7,7
7,7
7,7
7,7
7,7
7,7
7,7
7,17
7,17
7,3
7,10
7,7
7,7
7,7
7,7
7,7
7,7
7,7
7,17
7,3
7,1
7,7
7,17
7,7
7,17
7,7
7,3
7,17
7,7
7,7
7,7
7,7
7,5
7,7
7,7
7,7
7,7
7,7
7,17
7,7
7,7
7,7
7,7
7,17
7,17
7,7
7,7
7,7
7,7
7,7
7,7
7,17
7,7
7,7
7,7
7,7
7,7
7,17
7,7
7,16
7,17
7,2
7,7
7,7
7,7
7,17
7,7
7,7
7,17
7,3
7,7
7,7
7,7
7,7
7,7
7,7
7,18
7,17
7,7
7,7
7,19
7,7
7,7
7,7
7,3
7,7
7,7
7,17
7,2
7,7
7,7
7,7
7,5
7,7
7,7
7,17
7,7
7,17
7,7
7,7
7,7
7,17
7,17
7,17
7,7
7,7
7,7
7,7
7,17
7,7
7,7
7,7
7,7
7,7
7,15
7,15
7,7
7,7
7,17
7,7
7,17
7,2
7,7
7,7
7,7
7,7
7,7
7,7
7,2
7,7
7,7
7,7
7,7
7,7
7,7
7,7
7,7
7,7
7,7
7,7
7,7
7,7
7,7
7,17
7,7
7,7
7,7
7,7
7,19
7,7
7,7
7,17
7,7
7,7
7,7
7,7
7,7
7,7
7,7
7,7
7,7
7,7
7,7
7,3
7,17
7,7
7,7
7,1
7,7
7,17
7,7
7,7
7,7
7,17
7,7
7,7
7,19
7,3
7,3
7,7
7,7
7,17
7,7
7,7
7,7
7,7
7,7
7,7
7,9
7,5
7,7
7,2
7,7
7,17
7,7
7,1
7,7
7,2
7,7
7,6
7,7
7,7
7,3
7,17
7,7
7,17
7,7
7,7
7,17
7,17
7,2
7,19
7,7
7,7
7,5
7,7
7,7
7,7
7,7
7,7
7,7
7,7
7,7
7,7
7,7
7,7
7,7
7,7
7,7
7,7
7,7
7,7
7,7
7,7
7,17
7,17
7,7
7,7
7,17
7,7
7,7
7,6
7,17
7,7
7,7
7,7
7,7
7,7
7,7
7,5
7,17
7,17
7,1
7,7
7,17
7,17
7,7
7,7
7,7
7,7
7,7
7,17
7,19
7,7
7,7
7,1
7,7
7,7
7,7
7,17
7,1
7,7
7,7
7,17
7,5
7,7
7,7
7,17
7,7
7,7
7,7
7,7
7,7
7,17
7,7
7,17
7,7
7,7
7,19
7,17
7,7
7,17
7,17
7,7
7,7
7,7
7,7
7,19
7,17
7,17
7,7
7,17
7,17
7,7
7,7
7,1
7,17
7,17
7,7
7,7
7,7
7,17
7,17
7,7
7,17
7,7
7,7
7,17
7,7
7,7
7,17
7,7
7,7
7,7
7,3
7,7
7,17
7,17
7,7
7,3
7,7
7,7
7,7
7,17
7,17
7,7
7,7
7,7
7,1
7,17
7,17
7,17
7,7
7,7
7,7
7,7
7,17
7,17
7,7
7,17
7,3
7,7
7,17
7,7
7,7
7,7
7,7
7,7
7,5
7,7
7,7
7,7
7,3
7,7
7,7
7,1
7,7
7,7
7,7
7,7
7,25
7,7
7,7
7,17
7,17
7,25
7,17
7,7
7,7
7,19
7,7
7,5
7,7
7,2
7,7
7,2
7,7
7,7
7,7
7,7
7,7
7,17
7,17
7,7
7,17
7,17
7,7
7,7
7,7
7,7
7,7
7,17
7,9
7,7
7,7
7,7
7,7
7,7
7,7
7,7
7,17
7,7
7,10
7,1
7,7
7,7
7,7
7,17
7,7
7,7
7,7
7,7
7,7
7,7
7,7
7,7
7,7
7,7
7,7
7,5
7,7
7,17
7,18
7,11
7,7
7,7
7,7
7,7
7,7
7,7
7,7
7,7
7,7
7,7
7,17
7,7
7,7
7,17
7,7
7,7
7,7
7,7
7,7
7,7
7,7
7,7
7,7
7,7
7,7
7,7
7,7
7,7
7,7
7,7
7,17
7,7
7,7
7,7
7,25
7,7
8,2
8,8
8,8
8,8
8,8
8,8
8,8
8,8
8,8
8,8
8,8
8,2
8,1
8,8
8,8
8,8
8,8
8,8
8,8
8,8
8,8
8,8
8,8
8,8
8,2
8,8
8,8
8,8
8,8
8,8
8,8
8,8
8,8
8,8
8,20
8,8
8,8
8,8
8,8
8,8
8,8
8,8
8,8
8,8
8,8
8,8
8,8
8,8
8,8
8,8
8,13
8,8
8,8
8,8
8,8
8,8
8,8
8,8
8,8
8,8
8,8
8,8
8,8
8,12
8,8
8,8
8,8
8,8
8,8
8,8
8,8
8,8
8,8
8,8
8,8
8,8
8,8
8,4
8,2
8,11
8,2
8,13
8,8
8,8
8,8
8,8
8,8
8,12
8,8
8,8
8,8
8,8
8,8
8,8
8,8
8,8
8,8
8,8
8,8
8,8
8,8
8,8
8,8
8,8
8,8
8,8
8,8
8,8
8,8
8,2
8,8
8,8
8,14
8,8
8,8
8,8
8,8
8,8
8,8
8,8
8,8
8,2
8,8
8,8
8,8
8,8
8,8
8,14
8,8
8,8
8,8
8,8
8,13
8,20
8,8
8,8
8,8
8,8
8,8
8,8
8,8
8,8
8,8
8,1
8,8
8,14
8,8
8,8
8,8
8,8
8,8
8,8
8,8
8,8
8,8
8,8
8,8
8,8
8,8
8,8
8,8
8,8
8,8
8,8
8,8
8,8
8,8
8,8
8,8
8,8
8,8
8,8
8,8
8,2
8,8
8,2
8,8
8,8
8,8
8,8
8,2
8,12
8,8
8,8
8,8
8,8
8,8
8,8
8,8
8,8
8,8
8,8
8,8
8,2
8,8
8,8
8,4
8,8
8,8
8,8
8,8
8,8
8,8
8,8
8,8
8,5
8,8
8,8
8,8
8,8
8,2
8,8
8,8
8,8
8,8
8,8
8,8
8,8
8,8
8,8
8,8
8,8
8,8
8,8
8,8
8,8
8,8
8,8
8,8
8,8
8,8
8,8
8,8
8,8
8,8
8,8
8,8
8,8
8,8
8,8
8,8
8,2
8,8
8,8
8,8
8,2
8,8
8,8
8,8
8,8
8,8
8,8
8,8
8,8
8,8
8,8
8,8
8,8
8,8
8,8
8,8
8,11
8,8
8,8
8,9
8,8
8,8
8,8
8,8
8,8
8,8
8,8
8,8
8,11
8,12
8,8
8,8
8,8
8,8
8,4
8,8
8,2
8,8
8,8
8,8
8,2
8,8
8,2
8,2
8,1
8,7
8,8
8,8
8,1
8,8
8,8
8,8
8,2
8,8
8,8
8,8
8,8
8,8
8,14
8,8
8,8
8,12
8,8
8,8
8,8
8,8
8,8
8,25
8,8
8,8
8,8
8,8
8,8
8,8
8,8
8,9
8,8
8,8
8,8
8,8
8,8
8,8
8,2
8,8
8,8
8,8
8,8
8,8
8,2
8,8
8,8
8,8
8,8
8,8
8,8
8,8
8,8
8,8
8,8
8,8
8,8
8,21
8,8
8,8
8,8
8,8
8,9
8,8
8,25
8,8
8,8
8,8
8,8
8,8
8,8
8,8
8,8
8,8
8,8
8,8
8,8
8,8
8,2
8,8
8,8
8,8
8,8
8,8
8,8
8,8
8,8
8,8
8,8
8,8
8,2
8,8
8,8
8,8
8,8
8,2
8,12
8,8
8,8
8,8
8,8
8,8
8,8
8,8
8,8
8,8
8,8
8,8
8,8
8,8
8,8
8,8
8,8
8,8
8,8
8,8
8,8
8,8
8,8
8,8
8,8
8,12
8,8
8,12
8,8
8,14
8,8
8,8
8,8
8,1
8,8
8,8
8,8
8,8
8,8
8,8
8,8
8,8
8,8
8,8
8,8
8,8
8,12
8,8
8,8
8,8
8,8
8,8
8,8
8,8
8,8
8,8
8,12
8,8
8,8
8,8
8,8
8,8
8,2
8,8
8,8
8,8
8,8
8,8
8,8
8,8
8,8
8,23
8,8
8,8
8,8
8,8
8,8
8,8
8,8
8,8
8,8
8,8
8,8
8,8
8,8
8,8
8,8
8,8
8,8
8,8
8,8
8,8
8,8
8,8
8,8
8,8
8,8
8,8
8,8
8,8
8,13
8,8
8,8
8,8
8,8
8,8
8,8
8,13
8,11
8,8
8,8
8,13
8,8
8,8
8,8
9,9
9,12
9,9
9,12
9,9
9,9
9,12
9,12
9,9
9,9
9,9
9,9
9,9
9,9
9,9
9,9
9,9
9,12
9,9
9,9
9,9
9,12
9,9
9,9
9,26
9,12
9,9
9,12
9,9
9,9
9,9
9,9
9,9
9,12
9,9
9,9
9,9
9,9
9,9
9,9
9,9
9,12
9,12
9,12
9,12
9,9
9,9
9,9
9,12
9,9
9,12
9,12
9,12
9,9
9,9
9,9
9,12
9,9
9,12
9,12
9,9
9,12
9,9
9,9
9,9
9,12
9,12
9,9
9,12
9,9
9,9
9,9
9,12
9,12
9,9
9,9
9,9
9,12
9,12
9,12
9,12
9,9
9,9
9,9
9,9
9,9
9,9
9,9
9,9
9,9
9,9
9,9
9,12
9,10
9,9
9,9
9,12
9,12
9,7
9,12
9,9
9,12
9,9
9,9
9,9
9,12
9,9
9,9
9,26
9,12
9,12
9,9
9,9
9,9
9,9
9,9
9,12
9,9
9,9
9,9
9,9
9,12
9,9
9,9
9,9
9,9
9,9
9,12
9,12
9,9
9,9
9,12
9,9
9,12
9,12
9,9
9,9
9,9
9,9
9,9
9,12
9,9
9,9
9,9
9,9
9,9
9,9
9,12
9,9
9,9
9,9
9,9
9,9
9,12
9,9
9,9
9,12
9,12
9,9
9,9
9,9
9,5
9,12
9,4
9,20
9,9
9,9
9,12
9,12
9,9
9,9
9,9
9,9
9,9
9,9
9,9
9,9
9,9
9,12
9,10
9,9
9,9
9,12
9,9
9,12
9,9
9,12
9,9
9,9
9,9
9,9
9,9
9,9
9,9
9,12
9,9
9,9
9,12
9,9
9,9
9,10
9,9
9,9
9,9
9,9
9,9
9,12
9,9
9,9
9,12
9,9
9,9
9,9
9,12
9,9
9,9
9,9
9,9
9,9
9,12
9,9
9,9
9,5
9,9
9,12
9,6
9,9
9,12
9,9
9,12
9,9
9,12
9,9
9,12
9,9
9,9
9,9
9,12
9,9
9,9
9,9
9,9
9,12
9,9
9,9
9,9
9,12
9,9
9,9
9,9
9,9
9,9
9,12
9,12
9,9
9,9
9,12
9,12
9,9
9,9
9,9
9,9
9,9
9,12
9,9
9,12
9,9
9,9
9,12
9,9
9,9
9,9
9,6
9,9
9,20
9,9
9,9
9,9
9,9
9,9
9,12
9,9
9,9
9,12
9,9
9,9
9,9
9,9
9,12
9,9
9,12
9,10
9,9
9,12
9,9
9,9
9,12
9,12
9,9
9,9
9,9
9,10
9,9
9,9
9,9
9,9
9,12
9,9
9,9
9,9
9,9
9,9
9,26
9,9
9,9
9,9
9,9
9,9
9,9
9,9
9,9
9,9
9,9
9,9
9,26
9,9
9,9
9,9
9,9
9,9
9,20
9,12
9,9
9,9
9,12
9,9
9,9
9,9
9,12
9,9
9,9
9,9
9,12
9,12
9,9
9,9
9,9
9,9
9,12
9,9
9,9
9,12
9,9
9,9
9,12
9,12
9,9
9,12
9,9
9,9
9,9
9,9
9,9
9,9
9,9
9,9
9,12
9,9
9,12
9,12
9,9
9,9
9,9
9,9
9,9
9,12
9,12
9,12
9,12
9,9
9,9
9,9
9,9
9,9
9,12
9,9
9,12
9,9
9,12
9,9
9,25
9,9
9,12
9,12
9,9
9,9
9,9
9,12
9,9
9,9
9,10
9,9
9,12
9,9
9,9
9,9
9,9
9,12
9,12
9,12
9,9
9,9
9,9
9,12
9,9
9,9
9,9
9,9
9,21
9,9
9,9
9,9
9,9
9,9
9,12
9,12
9,9
9,9
9,9
9,9
9,12
9,9
9,9
9,12
9,9
9,9
9,9
9,9
9,9
9,9
9,9
9,9
9,9
9,12
9,9
9,12
9,9
9,9
9,12
9,9
9,9
9,9
9,5
9,9
9,10
9,9
9,9
9,9
9,9
9,9
9,9
9,9
9,12
9,9
9,5
9,9
9,9
9,9
9,9
9,12
9,9
9,12
9,9
9,9
9,12
9,12
9,12
9,9
9,12
9,7
9,9
9,10
9,9
9,9
9,9
9,12
9,9
9,9
9,12
9,12
9,9
9,9
9,12
9,12
9,9
9,9
9,9
9,12
9,12
9,9
10,7
10,10
10,10
10,10
10,10
10,10
10,10
10,17
10,10
10,10
10,10
10,10
10,7
10,10
10,10
10,10
10,10
10,10
10,10
10,10
10,10
10,10
10,10
10,10
10,10
10,10
10,10
10,10
10,10
10,10
10,10
10,10
10,10
10,10
10,10
10,12
10,10
10,9
10,10
10,10
10,10
10,4
10,10
10,19
10,10
10,10
10,10
10,10
10,10
10,10
10,10
10,21
10,20
10,10
10,10
10,10
10,10
10,10
10,10
10,10
10,10
10,9
10,10
10,10
10,10
10,10
10,10
10,10
10,10
10,10
10,20
10,4
10,10
10,10
10,10
10,10
10,10
10,10
10,10
10,10
10,10
10,10
10,10
10,10
10,10
10,10
10,9
10,10
10,10
10,10
10,10
10,10
10,10
10,10
10,10
10,10
10,10
10,10
10,10
10,10
10,9
10,19
10,10
10,10
10,10
10,10
10,10
10,20
10,10
10,2
10,10
10,10
10,10
10,21
10,10
10,10
10,10
10,10
10,10
10,10
10,10
10,9
10,10
10,10
10,10
10,10
10,10
10,10
10,10
10,20
10,10
10,10
10,10
10,10
10,10
10,10
10,10
10,10
10,4
10,10
10,10
10,10
10,10
10,9
10,10
10,7
10,10
10,10
10,10
10,10
10,2
10,10
10,10
10,10
10,10
10,10
10,10
10,10
10,10
10,10
10,10
10,10
10,10
10,10
10,10
10,10
10,19
10,10
10,10
10,10
10,10
10,10
10,7
10,10
10,10
10,10
10,10
10,10
10,10
10,10
10,10
10,10
10,10
10,10
10,10
10,10
10,10
10,10
10,10
10,10
10,19
10,10
10,10
10,10
10,10
10,18
10,10
10,10
10,10
10,10
10,10
10,10
10,10
10,10
10,10
10,10
10,10
10,10
10,10
10,10
10,10
10,10
10,10
10,10
10,10
10,10
10,10
10,10
10,10
10,10
10,10
10,10
10,10
10,10
10,10
10,10
10,4
10,10
10,20
10,10
10,10
10,7
10,10
10,10
10,10
10,10
10,10
10,10
10,22
10,10
10,9
10,10
10,10
10,10
10,10
10,10
10,10
10,10
10,10
10,10
10,10
10,10
10,10
10,10
10,10
10,10
10,10
10,10
10,10
10,10
10,10
10,10
10,10
10,19
10,10
10,10
10,10
10,10
10,10
10,10
10,10
10,10
10,10
10,10
10,10
10,10
10,10
10,10
10,10
10,10
10,10
10,10
10,10
10,10
10,10
10,10
10,7
10,20
10,10
10,9
10,10
10,10
10,10
10,10
10,10
10,10
10,10
10,10
10,10
10,10
10,10
10,10
10,10
10,10
10,10
10,10
10,10
10,10
10,10
10,10
10,10
10,10
10,10
10,10
10,10
10,4
10,10
10,10
10,11
10,10
10,10
10,9
10,10
10,10
10,10
10,10
10,10
10,10
10,10
10,10
10,10
10,10
10,10
10,10
10,10
10,10
10,10
10,10
10,10
10,10
10,10
10,9
10,19
10,10
10,10
10,1
10,10
10,10
10,10
10,10
10,10
10,10
10,10
10,10
10,10
10,10
10,10
10,10
10,10
10,10
10,10
10,10
10,10
10,10
10,10
10,10
10,10
10,5
10,7
10,10
10,10
10,10
10,10
10,10
10,9
10,19
10,10
10,10
10,10
10,10
10,10
10,25
10,10
10,10
10,10
10,10
10,10
10,10
10,10
10,10
10,10
10,10
10,10
10,10
10,10
10,10
10,10
10,10
10,10
10,10
10,10
10,10
10,10
10,10
10,10
10,10
10,10
10,10
10,10
10,10
10,10
10,4
10,10
10,10
10,10
10,10
10,10
10,10
10,10
10,10
10,10
10,10
10,10
10,10
10,10
10,9
10,10
10,10
10,10
10,10
10,10
10,1
10,9
10,10
10,10
10,10
10,10
10,4
10,10
10,10
10,10
10,10
10,10
10,10
10,10
10,10
10,10
10,5
10,10
10,10
10,10
10,10
10,10
10,10
10,10
10,10
10,10
10,10
10,10
10,10
10,10
10,10
10,10
10,10
10,4
10,10
10,12
10,4
10,10
10,10
10,10
10,10
10,10
10,10
10,10
10,10
10,10
10,10
10,10
10,10
10,10
10,10
10,10
10,10
10,10
10,10
10,10
10,10
10,10
10,4
10,10
10,10
10,10
10,10
10,10
10,1
10,10
10,10
10,10
10,12
11,11
11,11
11,11
11,11
11,11
11,11
11,11
11,11
11,11
11,11
11,11
11,11
11,11
11,11
11,11
11,11
11,11
11,11
11,11
11,11
11,11
11,11
11,11
11,14
11,11
11,11
11,11
11,11
11,22
11,11
11,11
11,11
11,11
11,11
11,11
11,11
11,11
11,11
11,11
11,11
11,11
11,11
11,11
11,11
11,8
11,11
11,11
11,11
11,11
11,11
11,11
11,11
11,11
11,11
11,11
11,11
11,11
11,11
11,13
11,11
11,11
11,11
11,11
11,11
11,11
11,11
11,11
11,11
11,11
11,11
11,11
11,11
11,11
11,11
11,11
11,11
11,11
11,11
11,11
11,11
11,18
11,11
11,11
11,11
11,11
11,11
11,8
11,11
11,11
11,11
11,11
11,10
11,11
11,11
11,11
11,11
11,11
11,11
11,11
11,11
11,11
11,11
11,11
11,11
11,11
11,11
11,8
11,11
11,11
11,11
11,11
11,11
11,11
11,11
11,11
11,11
11,11
11,11
11,11
11,11
11,11
11,11
11,11
11,11
11,11
11,11
11,11
11,11
11,11
11,11
11,11
11,11
11,11
11,11
11,2
11,7
11,11
11,11
11,11
11,11
11,11
11,11
11,11
11,11
11,11
11,11
11,11
11,11
11,11
11,11
11,11
11,11
11,11
11,11
11,11
11,11
11,18
11,11
11,11
11,11
11,18
11,11
11,11
11,11
11,11
11,11
11,11
11,11
11,11
11,24
11,11
11,11
11,11
11,11
11,11
11,11
11,11
11,11
11,11
11,11
11,11
11,11
11,2
11,24
11,11
11,11
11,11
11,11
11,3
11,8
11,11
11,11
11,11
11,11
11,11
11,11
11,11
11,11
11,11
11,11
11,11
11,11
11,20
11,11
11,11
11,1
11,11
11,11
11,11
11,11
11,11
11,11
11,11
11,25
11,11
11,11
11,11
11,11
11,11
11,11
11,11
11,11
11,11
11,11
11,11
11,11
11,11
11,11
11,11
11,11
11,6
11,11
11,11
11,11
11,11
11,11
11,11
11,11
11,11
11,11
11,11
11,11
11,11
11,8
11,11
11,11
11,11
11,11
11,11
11,11
11,11
11,16
11,11
11,11
11,11
11,11
11,11
11,11
11,11
11,11
11,11
11,11
11,11
11,11
11,11
11,11
11,11
11,11
11,11
11,11
11,11
11,8
11,11
11,2
11,11
11,11
11,11
11,11
11,11
11,11
11,11
11,11
11,11
11,11
11,11
11,11
11,11
11,13
11,11
11,11
11,11
11,11
11,11
11,11
11,11
11,8
11,11
11,11
11,11
11,11
11,11
11,11
11,11
11,21
11,11
11,11
11,11
11,11
11,11
11,11
11,11
11,11
11,11
11,11
11,11
11,11
11,11
11,11
11,11
11,11
11,11
11,11
11,11
11,11
11,11
11,11
11,11
11,11
11,11
11,11
11,11
11,11
11,11
11,11
11,11
11,11
11,11
11,14
11,11
11,11
11,11
11,11
11,11
11,11
11,11
11,11
11,11
11,11
11,11
11,11
11,11
11,11
11,11
11,11
11,11
11,2
11,11
11,11
11,11
11,11
11,11
11,11
11,11
11,11
11,11
11,11
11,11
11,11
11,11
11,11
11,11
11,11
11,11
11,11
11,11
11,2
11,11
11,11
11,11
11,11
11,11
11,11
11,11
11,11
11,11
11,11
11,11
11,11
11,11
11,21
11,12
11,11
11,11
11,11
11,11
11,11
11,11
11,11
11,11
11,11
11,11
11,11
11,11
11,11
11,11
11,11
11,11
11,11
11,2
11,11
11,11
11,11
11,11
11,11
11,11
11,11
11,11
11,11
11,11
11,10
11,11
11,11
11,11
11,11
11,11
11,11
11,11
11,11
11,11
11,11
11,11
11,11
11,12
11,11
11,18
11,14
11,11
11,11
11,11
11,11
11,11
11,11
11,11
11,11
11,11
11,11
11,11
11,11
11,11
11,11
11,11
11,11
11,11
11,11
11,11
11,11
11,11
11,11
11,11
11,11
11,11
11,11
11,11
11,11
11,11
11,11
11,11
11,11
11,11
11,11
11,11
11,11
11,11
11,11
11,11
11,11
11,11
11,11
11,11
11,11
11,11
11,20
11,11
11,11
11,11
11,11
11,11
11,11
11,11
11,11
11,11
11,11
11,11
11,11
11,11
11,11
11,11
11,11
11,11
11,11
12,9
12,9
12,12
12,12
12,12
12,12
12,12
12,12
12,12
12,12
12,12
12,12
12,12
12,12
12,9
12,9
12,12
12,9
12,12
12,9
12,12
12,12
12,12
12,12
12,12
12,12
12,12
12,12
12,12
12,12
12,12
12,12
12,12
12,9
12,12
12,4
12,12
12,12
12,12
12,12
12,12
12,12
12,12
12,12
12,12
12,12
12,3
12,12
12,12
12,12
12,12
12,12
12,12
12,12
12,12
12,12
12,12
12,12
12,12
12,12
12,12
12,12
12,12
12,12
12,12
12,9
12,12
12,12
12,12
12,2
12,12
12,12
12,12
12,12
12,9
12,12
12,12
12,12
12,12
12,8
12,9
12,12
12,12
12,12
12,12
12,12
12,12
12,12
12,9
12,12
12,12
12,12
12,12
12,12
12,12
12,12
12,12
12,12
12,12
12,9
12,12
12,12
12,12
12,9
12,9
12,9
12,12
12,9
12,3
12,12
12,9
12,12
12,9
12,12
12,12
12,12
12,12
12,12
12,9
12,12
12,12
12,12
12,9
12,12
12,12
12,9
12,12
12,12
12,12
12,12
12,9
12,12
12,12
12,9
12,12
12,12
12,12
12,12
12,9
12,12
12,9
12,12
12,12
12,12
12,9
12,12
12,12
12,9
12,12
12,9
12,12
12,12
12,12
12,18
12,12
12,12
12,12
12,12
12,12
12,12
12,12
12,12
12,3
12,9
12,12
12,12
12,12
12,12
12,12
12,12
12,10
12,9
12,12
12,12
12,12
12,12
12,12
12,3
12,9
12,12
12,12
12,12
12,12
12,12
12,12
12,12
12,12
12,12
12,12
12,12
12,12
12,12
12,9
12,12
12,8
12,12
12,12
12,9
12,12
12,12
12,12
12,12
12,12
12,9
12,12
12,12
12,12
12,12
12,12
12,9
12,12
12,12
12,12
12,12
12,12
12,12
12,12
12,12
12,12
12,3
12,12
12,9
12,12
12,12
12,9
12,12
12,9
12,12
12,12
12,12
12,12
12,12
12,9
12,12
12,12
12,12
12,12
12,9
12,12
12,12
12,12
12,12
12,12
12,12
12,12
12,12
12,12
12,12
12,12
12,12
12,12
12,9
12,12
12,9
12,12
12,9
12,12
12,12
12,10
12,12
12,9
12,12
12,3
12,9
12,12
12,12
12,12
12,9
12,12
12,12
12,12
12,12
12,12
12,12
12,21
12,12
12,12
12,12
12,9
12,12
12,9
12,12
12,9
12,12
12,12
12,12
12,18
12,12
12,9
12,12
12,12
12,12
12,12
12,12
12,12
12,6
12,12
12,12
12,12
12,12
12,12
12,12
12,12
12,12
12,9
12,9
12,12
12,4
12,12
12,9
12,12
12,12
12,12
12,12
12,12
12,12
12,9
12,12
12,9
12,12
12,12
12,12
12,12
12,12
12,12
12,12
12,12
12,9
12,9
12,12
12,12
12,12
12,12
12,12
12,12
12,12
12,12
12,12
12,12
12,12
12,12
12,12
12,12
12,9
12,12
12,12
12,12
12,12
12,12
12,12
12,12
12,12
12,12
12,12
12,12
12,12
12,9
12,12
12,9
12,12
12,9
12,12
12,12
12,12
12,9
12,12
12,9
12,12
12,12
12,9
12,12
12,12
12,9
12,12
12,12
12,12
12,9
12,12
12,12
12,9
12,12
12,12
12,12
12,12
12,12
12,12
12,9
12,9
12,12
12,12
12,12
12,12
12,12
12,12
12,9
12,12
12,9
12,12
12,12
12,12
12,12
12,12
12,12
12,12
12,12
12,12
12,12
12,12
12,12
12,12
12,9
12,12
12,12
12,12
12,12
12,12
12,12
12,12
12,12
12,9
12,12
12,12
12,4
12,12
12,9
12,12
12,12
12,12
12,12
12,12
12,12
12,9
12,12
12,9
12,12
12,12
12,12
12,12
12,12
12,12
12,12
12,12
12,9
12,9
12,12
12,12
12,12
12,6
12,12
12,12
12,9
12,9
12,12
12,12
12,12
12,9
12,12
12,12
12,12
12,12
12,9
12,12
12,12
12,12
12,12
12,12
12,12
12,12
12,9
12,12
12,9
12,12
12,12
12,9
12,9
12,12
12,12
12,12
12,12
12,12
12,9
12,12
12,12
12,3
12,12
12,12
12,12
12,9
12,12
12,12
12,12
12,12
12,9
12,12
12,12
12,12
12,12
12,9
12,12
12,12
13,13
13,13
13,13
13,13
13,13
13,13
13,21
13,13
13,13
13,13
13,13
13,13
13,13
13,13
13,14
13,13
13,13
13,13
13,13
13,13
13,13
13,13
13,13
13,13
13,13
13,13
13,13
13,13
13,13
13,13
13,8
13,13
13,13
13,13
13,13
13,13
13,13
13,13
13,13
13,13
13,13
13,13
13,13
13,13
13,13
13,13
13,13
13,13
13,13
13,13
13,13
13,13
13,13
13,14
13,13
13,14
13,1
13,13
13,13
13,13
13,13
13,13
13,13
13,13
13,13
13,13
13,13
13,13
13,13
13,13
13,13
13,14
13,13
13,13
13,13
13,13
13,13
13,13
13,13
13,13
13,13
13,13
13,13
13,13
13,13
13,13
13,13
13,13
13,13
13,13
13,13
13,13
13,14
13,13
13,11
13,13
13,13
13,13
13,13
13,13
13,13
13,13
13,13
13,13
13,13
13,13
13,13
13,13
13,25
13,13
13,13
13,13
13,13
13,13
13,13
13,13
13,13
13,13
13,13
13,13
13,13
13,13
13,13
13,13
13,13
13,13
13,13
13,13
13,13
13,13
13,13
13,14
13,13
13,13
13,13
13,13
13,13
13,13
13,13
13,13
13,13
13,13
13,13
13,14
13,13
13,13
13,1
13,13
13,13
13,13
13,13
13,13
13,13
13,13
13,13
13,13
13,13
13,13
13,13
13,13
13,13
13,13
13,13
13,13
13,13
13,13
13,13
13,13
13,13
13,13
13,13
13,13
13,13
13,13
13,13
13,13
13,13
13,13
13,13
13,13
13,13
13,13
13,13
13,13
13,13
13,13
13,13
13,13
13,13
13,13
13,13
13,13
13,13
13,13
13,13
13,13
13,13
13,13
13,13
13,13
13,13
13,13
13,13
13,13
13,1
13,1
13,13
13,13
13,13
13,13
13,13
13,13
13,13
13,13
13,23
13,23
13,13
13,13
13,13
13,13
13,13
13,13
13,13
13,13
13,1
13,13
13,13
13,13
13,13
13,13
13,13
13,13
13,14
13,13
13,13
13,13
13,13
13,13
13,13
13,13
13,13
13,13
13,13
13,13
13,13
13,13
13,13
13,13
13,13
13,13
13,13
13,13
13,13
13,13
13,13
13,13
13,13
13,1
13,13
13,13
13,13
13,13
13,13
13,13
13,13
13,13
13,13
13,13
13,13
13,13
13,13
13,13
13,13
13,13
13,13
13,13
13,13
13,13
13,13
13,13
13,13
13,13
13,13
13,13
13,13
13,13
13,13
13,14
13,13
13,13
13,13
13,13
13,13
13,13
13,13
13,13
13,13
13,13
13,13
13,13
13,13
13,14
13,13
13,23
13,13
13,13
13,13
13,13
13,13
13,13
13,13
13,13
13,13
13,14
13,13
13,13
13,13
13,13
13,13
13,13
13,13
13,13
13,13
13,13
13,8
13,13
13,13
13,13
13,13
13,13
13,13
13,13
13,2
13,13
13,13
13,13
13,13
13,13
13,13
13,13
13,13
13,13
13,14
13,13
13,13
13,13
13,13
13,13
13,13
13,13
13,13
13,13
13,13
13,13
13,13
13,13
13,13
13,13
13,13
13,13
13,13
13,13
13,13
13,13
13,13
13,13
13,13
13,13
13,13
13,13
13,13
13,13
13,13
13,13
13,13
13,14
13,13
13,13
13,13
13,13
13,13
13,13
13,13
13,14
13,13
13,13
13,13
13,13
13,13
13,13
13,13
13,13
13,13
13,13
13,13
13,13
13,14
13,13
13,13
13,13
13,13
13,13
13,13
13,13
13,13
13,13
13,13
13,13
13,13
13,13
13,13
13,13
13,13
13,13
13,13
13,13
13,13
13,13
13,13
13,13
13,13
13,13
13,13
13,13
13,13
13,13
13,13
13,13
13,13
13,13
13,13
13,13
13,13
13,13
13,13
13,13
13,13
13,13
13,14
13,13
13,13
13,13
13,13
13,13
13,8
13,13
13,13
13,25
13,22
13,13
13,13
13,13
13,13
13,2
13,13
13,14
13,13
13,13
13,13
13,13
13,13
13,13
13,13
13,13
13,13
13,8
13,13
13,13
13,13
13,13
13,13
13,13
13,13
13,13
13,13
13,14
13,13
13,13
13,13
13,13
13,23
13,13
13,13
13,13
13,13
13,13
13,13
13,13
13,13
13,13
13,13
13,13
13,13
13,13
13,13
13,13
13,13
13,13
13,13
13,13
14,14
14,14
14,14
14,26
14,14
14,14
14,14
14,14
14,14
14,14
14,14
14,14
14,14
14,14
14,13
14,14
14,14
14,14
14,14
14,14
14,14
14,13
14,14
14,14
14,14
14,14
14,14
14,14
14,14
14,14
14,14
14,14
14,14
14,13
14,14
14,14
14,14
14,14
14,14
14,14
14,14
14,14
14,14
14,14
14,14
14,14
14,14
14,14
14,14
14,14
14,14
14,13
14,13
14,14
14,14
14,14
14,14
14,13
14,14
14,14
14,14
14,8
14,14
14,14
14,14
14,14
14,14
14,14
14,14
14,14
14,14
14,14
14,14
14,14
14,14
14,14
14,14
14,14
14,14
14,14
14,14
14,14
14,14
14,14
14,14
14,14
14,14
14,14
14,14
14,14
14,14
14,14
14,14
14,4
14,14
14,14
14,14
14,2
14,14
14,14
14,14
14,14
14,14
14,14
14,14
14,14
14,14
14,14
14,14
14,14
14,14
14,14
14,8
14,14
14,14
14,14
14,14
14,14
14,14
14,1
14,14
14,14
14,14
14,14
14,14
14,14
14,14
14,14
14,14
14,14
14,14
14,14
14,14
14,14
14,14
14,14
14,14
14,14
14,14
14,23
14,14
14,14
14,2
14,14
14,14
14,14
14,14
14,14
14,14
14,14
14,14
14,14
14,14
14,14
14,14
14,14
14,14
14,14
14,14
14,14
14,14
14,14
14,14
14,14
14,14
14,1
14,14
14,8
14,14
14,13
14,14
14,22
14,14
14,14
14,14
14,14
14,14
14,14
14,14
14,14
14,14
14,14
14,14
14,14
14,14
14,14
14,14
14,14
14,14
14,14
14,14
14,14
14,13
14,1
14,1
14,14
14,13
14,14
14,14
14,14
14,14
14,14
14,14
14,14
14,14
14,14
14,14
14,14
14,14
14,14
14,14
14,14
14,14
14,14
14,14
14,14
14,14
14,14
14,14
14,1
14,14
14,9
14,14
14,1
14,13
14,14
14,14
14,14
14,14
14,14
14,14
14,14
14,14
14,17
14,14
14,14
14,14
14,14
14,14
14,14
14,14
14,14
14,14
14,14
14,14
14,14
14,14
14,14
14,14
14,14
14,14
14,14
14,14
14,14
14,14
14,14
14,14
14,14
14,14
14,14
14,14
14,14
14,14
14,14
14,14
14,14
14,14
14,14
14,14
14,14
14,14
14,14
14,14
14,14
14,14
14,14
14,14
14,14
14,14
14,14
14,14
14,14
14,14
14,14
14,14
14,14
14,14
14,14
14,14
14,14
14,14
14,21
14,14
14,14
14,14
14,14
14,14
14,14
14,14
14,24
14,14
14,14
14,14
14,14
14,14
14,4
14,14
14,14
14,14
14,14
14,14
14,14
14,14
14,14
14,14
14,14
14,1
14,14
14,14
14,14
14,14
14,14
14,14
14,14
14,14
14,14
14,14
14,14
14,14
14,1
14,14
14,14
14,14
14,14
14,14
14,14
14,14
14,14
14,14
14,14
14,14
14,13
14,14
14,14
14,14
14,14
14,14
14,14
14,23
14,14
14,4
14,14
14,8
14,14
14,4
14,25
14,14
14,14
14,14
14,21
14,1
14,14
14,5
14,13
14,13
14,14
14,14
14,14
14,14
14,14
14,14
14,14
14,14
14,9
14,14
14,14
14,14
14,14
14,14
14,14
14,14
14,14
14,14
14,13
14,14
14,14
14,18
14,8
14,14
14,14
14,14
14,14
14,14
14,14
14,14
14,14
14,14
14,14
14,14
14,14
14,14
14,14
14,14
14,13
14,14
14,14
14,14
14,14
14,14
14,13
14,14
14,14
14,14
14,14
14,14
14,14
14,14
14,14
14,14
14,14
14,14
14,14
14,14
14,14
14,14
14,14
14,14
14,14
14,14
14,14
14,14
14,14
14,14
14,14
14,14
14,14
14,14
14,14
14,14
14,14
14,14
14,14
14,14
14,1
14,14
14,14
14,14
14,1
14,1
14,1
14,14
14,14
14,14
14,14
14,14
14,14
14,14
14,14
14,14
14,14
14,14
14,14
14,14
14,14
14,14
14,14
14,18
14,13
14,14
14,14
14,14
14,14
14,14
14,14
14,14
14,14
14,14
14,14
14,4
14,14
14,14
14,14
14,1
14,8
14,14
14,14
14,14
14,14
14,14
14,14
14,14
14,14
14,14
14,14
14,14
14,14
14,14
14,1
14,14
14,14
15,15
15,15
15,15
15,15
15,15
15,15
15,15
15,15
15,15
15,15
15,15
15,15
15,15
15,15
15,15
15,15
15,15
15,15
15,15
15,15
15,15
15,15
15,15
15,15
15,15
15,15
15,15
15,15
15,15
15,15
15,15
15,15
15,15
15,15
15,15
15,15
15,15
15,15
15,15
15,15
15,15
15,15
15,15
15,15
15,17
15,15
15,15
15,15
15,15
15,15
15,1
15,15
15,15
15,15
15,15
15,15
15,15
15,15
15,15
15,15
15,15
15,15
15,15
15,15
15,15
15,15
15,15
15,15
15,15
15,15
15,15
15,15
15,15
15,15
15,15
15,15
15,15
15,15
15,15
15,15
15,15
15,15
15,15
15,15
15,15
15,15
15,15
15,15
15,15
15,15
15,15
15,15
15,15
15,15
15,15
15,15
15,15
15,15
15,15
15,15
15,15
15,15
15,15
15,15
15,15
15,15
15,15
15,15
15,15
15,15
15,9
15,15
15,15
15,15
15,15
15,15
15,15
15,15
15,15
15,15
15,15
15,15
15,15
15,15
15,15
15,15
15,15
15,15
15,15
15,15
15,15
15,15
15,15
15,15
15,15
15,15
15,15
15,15
15,15
15,15
15,15
15,15
15,15
15,15
15,15
15,15
15,15
15,15
15,15
15,15
15,15
15,15
15,15
15,15
15,15
15,15
15,15
15,15
15,15
15,15
15,15
15,15
15,15
15,15
15,15
15,15
15,15
15,15
15,15
15,15
15,15
15,15
15,15
15,15
15,15
15,15
15,15
15,15
15,15
15,15
15,15
15,15
15,15
15,17
15,15
15,15
15,15
15,15
15,15
15,15
15,15
15,15
15,15
15,15
15,15
15,15
15,15
15,15
15,15
15,15
15,15
15,15
15,1
15,15
15,15
15,15
15,15
15,15
15,15
15,15
15,15
15,15
15,15
15,15
15,15
15,15
15,15
15,15
15,15
15,15
15,15
15,15
15,5
15,15
15,15
15,15
15,15
15,15
15,15
15,15
15,15
15,15
15,15
15,15
15,15
15,15
15,15
15,15
15,15
15,15
15,15
15,15
15,5
15,15
15,15
15,15
15,15
15,15
15,15
15,15
15,15
15,15
15,15
15,15
15,4
15,15
15,15
15,15
15,15
15,4
15,15
15,15
15,15
15,15
15,15
15,15
15,15
15,15
15,15
15,15
15,15
15,15
15,15
15,15
15,15
15,15
15,15
15,15
15,15
15,15
15,15
15,15
15,15
15,15
15,15
15,15
15,15
15,15
15,15
15,15
15,15
15,15
15,15
15,15
15,15
15,15
15,5
15,15
15,15
15,15
15,15
15,15
15,15
15,15
15,15
15,15
15,15
15,15
15,15
15,15
15,15
15,17
15,15
15,15
15,15
15,15
15,15
15,15
15,15
15,15
15,15
15,15
15,17
15,15
15,15
15,15
15,15
15,15
15,15
15,15
15,15
15,17
15,15
15,15
15,15
15,15
15,15
15,15
15,15
15,15
15,15
15,15
15,15
15,15
15,15
15,15
15,15
15,15
15,15
15,15
15,15
15,15
15,15
15,15
15,15
15,15
15,14
15,15
15,15
15,15
15,15
15,2
15,15
15,15
15,15
15,15
15,15
15,15
15,15
15,15
15,15
15,15
15,15
15,15
15,15
15,15
15,15
15,15
15,15
15,4
15,15
15,15
15,15
15,15
15,15
15,15
15,15
15,15
15,15
15,15
15,15
15,15
15,15
15,15
15,15
15,15
15,15
15,15
15,15
15,15
15,15
15,15
15,15
15,15
15,15
15,15
15,15
15,7
15,15
15,15
15,15
15,15
15,15
15,15
15,15
15,15
15,15
15,15
15,15
15,15
15,15
15,15
15,15
15,15
15,15
15,15
15,15
15,15
15,15
15,15
15,15
15,15
15,15
15,15
15,15
15,15
15,15
15,15
15,4
15,15
15,17
15,15
15,15
15,15
15,15
15,15
15,4
15,15
15,15
15,15
15,15
15,15
15,15
15,15
15,15
15,15
15,15
15,15
15,15
15,15
15,15
15,7
15,15
15,4
15,15
15,15
15,15
15,15
15,15
15,15
15,15
15,15
15,15
15,15
15,15
15,15
15,15
15,15
15,15
15,15
15,15
15,15
15,15
15,15
15,15
15,15
15,15
15,15
15,15
15,15
15,15
15,15
15,15
15,15
15,15
15,15
15,15
15,15
15,15
15,15
16,4
16,16
16,16
16,16
16,16
16,16
16,16
16,16
16,16
16,16
16,16
16,16
16,16
16,16
16,18
16,16
16,16
16,16
16,16
16,16
16,18
16,16
16,16
16,16
16,17
16,16
16,16
16,16
16,16
16,16
16,16
16,18
16,16
16,16
16,16
16,16
16,16
16,16
16,16
16,16
16,16
16,4
16,16
16,16
16,18
16,16
16,16
16,16
16,16
16,16
16,16
16,16
16,16
16,16
16,16
16,16
16,16
16,16
16,16
16,16
16,16
16,16
16,4
16,16
16,16
16,6
16,16
16,16
16,16
16,6
16,16
16,20
16,16
16,16
16,16
16,16
16,16
16,20
16,16
16,4
16,16
16,16
16,16
16,16
16,16
16,16
16,16
16,16
16,6
16,16
16,16
16,16
16,16
16,16
16,16
16,18
16,16
16,16
16,16
16,16
16,16
16,16
16,16
16,16
16,16
16,16
16,12
16,16
16,16
16,17
16,16
16,16
16,16
16,16
16,16
16,16
16,16
16,16
16,16
16,16
16,16
16,5
16,16
16,16
16,16
16,16
16,16
16,16
16,16
16,6
16,16
16,16
16,16
16,16
16,16
16,16
16,16
16,18
16,16
16,16
16,16
16,16
16,16
16,16
16,16
16,16
16,16
16,16
16,16
16,16
16,16
16,16
16,16
16,16
16,16
16,16
16,16
16,16
16,16
16,16
16,16
16,16
16,16
16,16
16,16
16,16
16,3
16,16
16,16
16,16
16,16
16,16
16,16
16,16
16,16
16,16
16,16
16,16
16,5
16,16
16,16
16,2
16,16
16,15
16,16
16,16
16,16
16,16
16,16
16,16
16,16
16,16
16,16
16,16
16,16
16,16
16,16
16,16
16,16
16,16
16,16
16,16
16,16
16,16
16,16
16,16
16,16
16,16
16,22
16,16
16,16
16,16
16,16
16,16
16,16
16,16
16,16
16,16
16,16
16,16
16,16
16,16
16,16
16,16
16,16
16,16
16,16
16,16
16,16
16,6
16,16
16,16
16,16
16,18
16,16
16,16
16,16
16,16
16,16
16,16
16,16
16,16
16,16
16,16
16,16
16,16
16,16
16,16
16,16
16,16
16,16
16,16
16,16
16,16
16,16
16,16
16,16
16,9
16,16
16,16
16,16
16,16
16,16
16,16
16,16
16,16
16,16
16,16
16,16
16,16
16,16
16,16
16,16
16,16
16,16
16,16
16,5
16,16
16,25
16,16
16,16
16,16
16,16
16,16
16,16
16,16
16,16
16,16
16,16
16,16
16,16
16,16
16,16
16,16
16,16
16,16
16,16
16,16
16,16
16,16
16,16
16,16
16,16
16,16
16,16
16,16
16,16
16,16
16,16
16,16
16,16
16,16
16,16
16,16
16,16
16,16
16,16
16,16
16,16
16,16
16,16
16,4
16,16
16,16
16,16
16,16
16,16
16,16
16,16
16,12
16,16
16,16
16,16
16,16
16,16
16,16
16,16
16,16
16,16
16,16
16,16
16,16
16,16
16,16
16,16
16,16
16,16
16,16
16,16
16,16
16,16
16,16
16,16
16,16
16,16
16,20
16,16
16,16
16,16
16,16
16,16
16,16
16,16
16,1
16,18
16,20
16,16
16,16
16,16
16,16
16,16
16,16
16,16
16,16
16,16
16,16
16,16
16,16
16,16
16,16
16,16
16,16
16,16
16,16
16,2
16,16
16,16
16,16
16,16
16,16
16,16
16,16
16,16
16,16
16,16
16,16
16,16
16,16
16,16
16,16
16,16
16,26
16,24
16,16
16,16
16,16
16,16
16,6
16,16
16,16
16,16
16,16
16,16
16,16
16,16
16,16
16,16
16,16
16,16
16,16
16,16
16,16
16,16
16,16
16,16
16,16
16,16
16,2
16,16
16,16
16,16
16,16
16,16
16,16
16,16
16,16
16,16
16,16
16,16
16,17
16,16
16,16
16,16
16,16
16,16
16,16
16,16
16,16
16,16
16,16
16,16
16,16
16,16
16,16
16,16
16,16
16,16
16,16
16,6
16,16
16,16
16,16
16,16
16,16
16,16
16,15
16,16
16,16
16,9
16,16
16,16
16,16
16,16
16,16
16,16
16,16
16,16
16,16
16,9
16,16
16,16
16,16
16,16
16,16
16,16
16,16
16,16
16,16
16,16
16,16
16,16
16,16
16,16
16,16
16,16
16,16
16,16
16,16
16,16
16,16
17,17
17,17
17,17
17,17
17,17
17,7
17,17
17,17
17,17
17,17
17,17
17,17
17,17
17,17
17,7
17,17
17,17
17,7
17,17
17,17
17,17
17,16
17,2
17,7
17,17
17,17
17,7
17,7
17,17
17,17
17,17
17,17
17,17
17,17
17,17
17,7
17,17
17,17
17,17
17,7
17,17
17,17
17,17
17,7
17,7
17,17
17,25
17,17
17,17
17,17
17,1
17,17
17,17
17,17
17,26
17,7
17,17
17,17
17,1
17,17
17,17
17,17
17,17
17,17
17,17
17,7
17,17
17,6
17,17
17,17
17,17
17,7
17,17
17,17
17,17
17,17
17,17
17,7
17,17
17,17
17,17
17,17
17,17
17,17
17,17
17,7
17,1
17,17
17,17
17,17
17,17
17,2
17,17
17,1
17,17
17,1
17,17
17,17
17,17
17,17
17,17
17,7
17,7
17,17
17,7
17,17
17,17
17,17
17,17
17,17
17,17
17,17
17,17
17,17
17,17
17,17
17,1
17,6
17,17
17,17
17,17
17,17
17,17
17,17
17,1
17,17
17,17
17,17
17,17
17,17
17,17
17,17
17,17
17,17
17,17
17,7
17,17
17,17
17,17
17,16
17,17
17,17
17,17
17,1
17,17
17,17
17,17
17,17
17,17
17,17
17,5
17,17
17,17
17,17
17,17
17,17
17,17
17,17
17,17
17,16
17,17
17,17
17,17
17,17
17,7
17,17
17,17
17,17
17,6
17,17
17,7
17,17
17,7
17,17
17,17
17,15
17,17
17,17
17,17
17,25
17,17
17,17
17,17
17,1
17,17
17,17
17,1
17,17
17,17
17,17
17,17
17,17
17,17
17,5
17,17
17,7
17,17
17,17
17,17
17,1
17,17
17,17
17,17
17,17
17,17
17,17
17,7
17,1
17,17
17,17
17,7
17,17
17,17
17,17
17,1
17,7
17,1
17,17
17,17
17,17
17,17
17,17
17,17
17,17
17,17
17,17
17,1
17,17
17,17
17,17
17,17
17,17
17,17
17,17
17,2
17,17
17,7
17,17
17,17
17,17
17,17
17,17
17,17
17,1
17,17
17,17
17,17
17,17
17,17
17,17
17,15
17,15
17,17
17,17
17,17
17,17
17,1
17,17
17,17
17,17
17,17
17,17
17,17
17,17
17,7
17,17
17,17
17,21
17,17
17,1
17,1
17,17
17,17
17,17
17,1
17,2
17,17
17,17
17,7
17,7
17,17
17,17
17,17
17,17
17,17
17,17
17,17
17,17
17,17
17,17
17,1
17,17
17,7
17,8
17,17
17,17
17,1
17,17
17,17
17,17
17,7
17,17
17,3
17,17
17,9
17,17
17,17
17,7
17,17
17,17
17,17
17,17
17,17
17,17
17,17
17,17
17,17
17,17
17,17
17,17
17,17
17,17
17,7
17,17
17,17
17,9
17,17
17,1
17,16
17,17
17,7
17,1
17,17
17,1
17,17
17,7
17,17
17,17
17,17
17,17
17,17
17,17
17,17
17,17
17,17
17,17
17,17
17,17
17,6
17,17
17,17
17,17
17,17
17,17
17,1
17,17
17,17
17,17
17,17
17,7
17,17
17,17
17,7
17,1
17,17
17,17
17,17
17,17
17,2
17,1
17,17
17,17
17,17
17,17
17,17
17,17
17,17
17,17
17,17
17,17
17,17
17,17
17,17
17,17
17,15
17,17
17,17
17,17
17,17
17,17
17,17
17,2
17,7
17,17
17,1
17,17
17,17
17,17
17,17
17,17
17,17
17,2
17,1
17,17
17,17
17,17
17,1
17,1
17,17
17,17
17,17
17,17
17,17
17,9
17,17
17,17
17,1
17,17
17,17
17,17
17,17
17,17
17,17
17,17
17,20
17,7
17,9
17,17
17,17
17,17
17,17
17,17
17,17
17,17
17,17
17,17
17,17
17,17
17,2
17,7
17,17
17,1
17,17
17,7
17,17
17,17
17,7
17,17
17,17
17,17
17,17
17,7
17,20
17,17
17,7
17,17
17,17
17,2
17,17
17,17
17,17
17,7
17,17
17,16
17,17
17,17
17,21
17,17
17,17
17,17
17,17
17,17
17,17
17,17
17,17
17,17
17,7
17,5
17,17
17,17
17,17
17,17
17,1
17,7
17,17
17,17
17,18
17,17
17,7
17,17
17,17
17,17
17,17
17,17
17,17
17,17
17,17
17,17
17,17
17,17
18,18
18,18
18,1
18,18
18,18
18,14
18,18
18,18
18,18
18,1
18,18
18,18
18,18
18,18
18,18
18,18
18,14
18,2
18,18
18,18
18,18
18,18
18,18
18,5
18,18
18,26
18,18
18,18
18,18
18,18
18,18
18,9
18,18
18,18
18,18
18,18
18,18
18,18
18,18
18,18
18,18
18,18
18,18
18,18
18,18
18,18
18,5
18,18
18,18
18,18
18,18
18,18
18,18
18,18
18,16
18,18
18,18
18,18
18,2
18,18
18,18
18,18
18,20
18,18
18,18
18,18
18,18
18,18
18,18
18,18
18,18
18,18
18,18
18,18
18,18
18,18
18,18
18,18
18,5
18,18
18,18
18,18
18,18
18,1
18,18
18,18
18,18
18,18
18,18
18,18
18,18
18,18
18,18
18,18
18,18
18,18
18,18
18,18
18,18
18,18
18,16
18,18
18,18
18,18
18,18
18,18
18,18
18,18
18,18
18,18
18,18
18,5
18,18
18,18
18,18
18,18
18,18
18,18
18,18
18,18
18,18
18,18
18,18
18,18
18,18
18,18
18,18
18,18
18,18
18,18
18,18
18,18
18,18
18,18
18,18
18,18
18,18
18,18
18,20
18,18
18,18
18,18
18,18
18,18
18,7
18,18
18,18
18,18
18,18
18,5
18,18
18,18
18,6
18,24
18,18
18,18
18,18
18,18
18,18
18,7
18,18
18,3
18,18
18,18
18,6
18,18
18,18
18,18
18,18
18,14
18,18
18,22
18,18
18,18
18,18
18,18
18,18
18,18
18,18
18,18
18,18
18,18
18,3
18,18
18,18
18,18
18,17
18,18
18,18
18,18
18,18
18,18
18,18
18,18
18,18
18,18
18,18
18,18
18,18
18,17
18,18
18,18
18,18
18,18
18,18
18,18
18,18
18,22
18,18
18,18
18,18
18,18
18,18
18,18
18,18
18,6
18,18
18,11
18,1
18,18
18,18
18,18
18,18
18,11
18,11
18,18
18,18
18,18
18,18
18,18
18,18
18,18
18,24
18,18
18,18
18,16
18,18
18,18
18,18
18,11
18,18
18,18
18,18
18,18
18,18
18,18
18,18
18,6
18,18
18,18
18,18
18,18
18,18
18,13
18,18
18,18
18,18
18,1
18,18
18,18
18,18
18,6
18,18
18,18
18,18
18,18
18,18
18,18
18,18
18,18
18,18
18,18
18,18
18,18
18,18
18,18
18,18
18,18
18,18
18,18
18,5
18,18
18,11
18,18
18,18
18,18
18,18
18,18
18,18
18,18
18,18
18,18
18,18
18,18
18,18
18,18
18,18
18,18
18,18
18,18
18,18
18,18
18,18
18,18
18,18
18,18
18,18
18,18
18,6
18,18
18,18
18,18
18,18
18,5
18,18
18,18
18,14
18,18
18,18
18,18
18,18
18,18
18,18
18,18
18,18
18,18
18,18
18,18
18,18
18,18
18,17
18,11
18,18
18,26
18,18
18,17
18,18
18,18
18,18
18,18
18,18
18,18
18,8
18,9
18,18
18,18
18,18
18,18
18,18
18,26
18,18
18,18
18,18
18,18
18,18
18,18
18,18
18,18
18,18
18,18
18,18
18,14
18,18
18,18
18,18
18,18
18,18
18,18
18,18
18,18
18,18
18,18
18,18
18,18
18,18
18,18
18,18
18,18
18,18
18,18
18,18
18,18
18,18
18,18
18,18
18,18
18,18
18,18
18,18
18,20
18,18
18,18
18,1
18,18
18,18
18,18
18,18
18,18
18,18
18,18
18,18
18,6
18,18
18,18
18,18
18,18
18,18
18,18
18,25
18,18
18,18
18,18
18,18
18,18
18,18
18,18
18,18
18,18
18,18
18,18
18,18
18,18
18,18
18,18
18,18
18,1
18,18
18,18
18,18
18,18
18,18
18,18
18,11
18,18
18,18
18,18
18,18
18,18
18,18
18,18
18,18
18,2
18,18
18,18
18,18
18,24
18,18
18,18
18,18
18,18
18,18
18,18
18,18
18,18
18,16
18,18
18,18
18,18
18,18
18,12
18,6
18,18
18,18
18,1
18,18
18,18
18,18
18,18
18,18
18,18
18,18
18,18
18,18
18,18
18,18
18,14
18,18
18,18
18,11
18,18
18,18
18,18
18,18
18,18
18,18
18,2
18,18
18,18
18,18
18,18
18,18
18,18
18,18
18,18
18,16
18,18
18,18
18,16
18,18
18,18
19,19
19,19
19,19
19,19
19,19
19,19
19,19
19,19
19,19
19,19
19,19
19,19
19,19
19,19
19,19
19,19
19,19
19,19
19,19
19,19
19,19
19,19
19,19
19,19
19,19
19,19
19,19
19,19
19,19
19,19
19,19
19,19
19,19
19,19
19,19
19,19
19,19
19,19
19,19
19,19
19,19
19,19
19,19
19,19
19,19
19,19
19,19
19,19
19,19
19,19
19,19
19,19
19,19
19,19
19,19
19,19
19,19
19,19
19,19
19,19
19,19
19,19
19,19
19,19
19,19
19,19
19,10
19,19
19,19
19,19
19,19
19,19
19,19
19,19
19,19
19,19
19,19
19,19
19,19
19,19
19,19
19,19
19,19
19,19
19,19
19,14
19,19
19,19
19,19
19,19
19,19
19,19
19,19
19,19
19,19
19,19
19,19
19,19
19,19
19,19
19,19
19,19
19,10
19,19
19,19
19,19
19,19
19,19
19,19
19,19
19,19
19,19
19,19
19,19
19,19
19,19
19,19
19,19
19,19
19,7
19,19
19,1
19,19
19,19
19,19
19,19
19,7
19,19
19,19
19,19
19,19
19,19
19,19
19,19
19,19
19,19
19,19
19,19
19,19
19,19
19,7
19,19
19,19
19,7
19,19
19,19
19,19
19,19
19,19
19,19
19,19
19,19
19,19
19,19
19,19
19,7
19,19
19,19
19,19
19,19
19,19
19,19
19,19
19,19
19,19
19,10
19,19
19,19
19,19
19,19
19,19
19,19
19,19
19,19
19,19
19,19
19,19
19,19
19,19
19,19
19,19
19,19
19,19
19,19
19,19
19,19
19,19
19,19
19,19
19,19
19,19
19,19
19,19
19,19
19,19
19,19
19,19
19,19
19,19
19,19
19,19
19,7
19,19
19,19
19,19
19,19
19,19
19,24
19,19
19,6
19,19
19,19
19,19
19,19
19,19
19,19
19,19
19,19
19,19
19,19
19,19
19,19
19,19
19,19
19,19
19,19
19,19
19,19
19,19
19,3
19,19
19,19
19,19
19,19
19,19
19,19
19,19
19,19
19,19
19,19
19,19
19,19
19,19
19,19
19,19
19,19
19,19
19,19
19,19
19,19
19,19
19,19
19,19
19,2
19,19
19,19
19,19
19,19
19,19
19,19
19,19
19,19
19,19
19,19
19,19
19,19
19,19
19,19
19,19
19,19
19,19
19,19
19,19
19,19
19,19
19,6
19,19
19,19
19,19
19,19
19,19
19,19
19,19
19,6
19,19
19,19
19,19
19,19
19,19
19,19
19,19
19,19
19,19
19,19
19,19
19,19
19,19
19,19
19,19
19,19
19,19
19,19
19,19
19,19
19,19
19,19
19,19
19,19
19,19
19,19
19,19
19,19
19,19
19,19
19,19
19,19
19,19
19,19
19,19
19,19
19,19
19,19
19,19
19,19
19,19
19,19
19,19
19,19
19,19
19,19
19,19
19,19
19,19
19,19
19,19
19,19
19,19
19,19
19,19
19,19
19,19
19,19
19,19
19,19
19,19
19,2
19,19
19,10
19,19
19,19
19,19
19,19
19,19
19,19
19,19
19,19
19,19
19,19
19,19
19,19
19,19
19,19
19,19
19,19
19,19
19,19
19,19
19,19
19,19
19,19
19,19
19,19
19,19
19,19
19,19
19,19
19,7
19,19
19,19
19,19
19,19
19,19
19,19
19,19
19,19
19,19
19,19
19,19
19,1
19,19
19,19
19,19
19,19
19,19
19,19
19,6
19,19
19,19
19,19
19,19
19,19
19,19
19,19
19,19
19,19
19,19
19,19
19,19
19,19
19,19
19,19
19,19
19,19
19,19
19,19
19,19
19,19
19,19
19,19
19,19
19,19
19,19
19,19
19,19
19,19
19,19
19,19
19,19
19,19
19,10
19,19
19,19
19,20
19,19
19,19
19,6
19,19
19,19
19,19
19,19
19,19
19,19
19,19
19,19
19,19
19,19
19,19
19,19
19,19
19,19
19,19
19,19
19,19
19,19
19,19
19,19
19,19
19,19
19,19
19,10
19,19
19,19
19,19
19,19
19,19
19,19
19,19
19,19
19,19
19,19
19,19
19,19
19,19
19,19
19,19
19,19
19,19
19,19
19,19
19,19
19,19
19,19
19,19
19,19
19,19
19,19
19,19
19,19
19,19
19,19
19,19
19,19
19,19
19,19
19,19
19,19
19,9
19,19
19,19
19,19
20,20
20,20
20,20
20,20
20,20
20,20
20,20
20,24
20,20
20,20
20,20
20,20
20,20
20,20
20,20
20,20
20,20
20,20
20,20
20,20
20,20
20,20
20,20
20,20
20,20
20,20
20,20
20,20
20,20
20,20
20,20
20,20
20,20
20,20
20,20
20,20
20,20
20,20
20,20
20,25
20,20
20,20
20,20
20,20
20,20
20,20
20,20
20,20
20,12
20,18
20,20
20,20
20,20
20,10
20,20
20,20
20,20
20,20
20,20
20,20
20,20
20,20
20,20
20,20
20,20
20,20
20,20
20,2
20,20
20,8
20,20
20,20
20,20
20,20
20,20
20,20
20,20
20,6
20,20
20,20
20,20
20,20
20,20
20,17
20,20
20,20
20,20
20,20
20,20
20,24
20,2
20,20
20,20
20,20
20,20
20,20
20,20
20,20
20,20
20,20
20,20
20,20
20,20
20,20
20,20
20,20
20,20
20,20
20,5
20,20
20,20
20,20
20,20
20,20
20,20
20,20
20,25
20,20
20,20
20,20
20,20
20,20
20,20
20,20
20,20
20,20
20,20
20,20
20,20
20,17
20,20
20,5
20,20
20,20
20,20
20,6
20,20
20,20
20,16
20,20
20,20
20,20
20,20
20,20
20,17
20,20
20,20
20,20
20,20
20,20
20,20
20,20
20,20
20,20
20,20
20,20
20,20
20,20
20,20
20,20
20,20
20,20
20,20
20,20
20,20
20,20
20,20
20,20
20,20
20,20
20,20
20,20
20,20
20,20
20,20
20,20
20,20
20,20
20,20
20,20
20,20
20,20
20,20
20,20
20,20
20,20
20,20
20,20
20,20
20,20
20,20
20,20
20,20
20,20
20,20
20,20
20,20
20,20
20,20
20,20
20,20
20,20
20,20
20,20
20,20
20,16
20,20
20,20
20,6
20,20
20,2
20,20
20,20
20,20
20,20
20,12
20,20
20,20
20,20
20,20
20,20
20,20
20,20
20,20
20,20
20,20
20,20
20,20
20,20
20,20
20,20
20,20
20,20
20,20
20,20
20,20
20,6
20,20
20,20
20,20
20,20
20,20
20,20
20,20
20,20
20,9
20,20
20,20
20,20
20,20
20,20
20,20
20,20
20,20
20,24
20,20
20,20
20,20
20,20
20,20
20,20
20,20
20,20
20,20
20,20
20,20
20,20
20,20
20,20
20,20
20,20
20,20
20,20
20,20
20,20
20,20
20,16
20,20
20,20
20,20
20,20
20,20
20,5
20,20
20,20
20,10
20,20
20,20
20,20
20,20
20,20
20,20
20,20
20,20
20,20
20,20
20,20
20,20
20,20
20,20
20,20
20,20
20,20
20,20
20,20
20,20
20,20
20,20
20,20
20,20
20,20
20,18
20,20
20,20
20,20
20,18
20,20
20,20
20,4
20,20
20,20
20,20
20,20
20,20
20,20
20,2
20,20
20,20
20,20
20,20
20,20
20,17
20,20
20,20
20,6
20,20
20,4
20,20
20,20
20,20
20,20
20,20
20,20
20,20
20,20
20,20
20,20
20,20
20,20
20,12
20,20
20,20
20,20
20,20
20,20
20,20
20,20
20,20
20,20
20,20
20,20
20,20
20,20
20,20
20,20
20,20
20,20
20,20
20,20
20,20
20,20
20,20
20,20
20,20
20,16
20,20
20,20
20,20
20,20
20,20
20,20
20,20
20,20
20,20
20,20
20,20
20,18
20,17
20,20
20,20
20,20
20,20
20,20
20,20
20,12
20,20
20,20
20,20
20,20
20,4
20,20
20,20
20,20
20,20
20,20
20,20
20,20
20,20
20,20
20,20
20,20
20,20
20,20
20,20
20,20
20,20
20,20
20,20
20,6
20,1
20,20
20,20
20,20
20,20
20,20
20,20
20,20
20,16
20,20
20,20
20,20
20,20
20,20
20,20
20,20
20,20
20,20
20,20
20,20
20,20
20,20
20,10
20,20
20,20
20,20
20,20
20,20
20,20
20,20
20,20
20,20
20,20
20,20
20,20
20,20
20,20
20,20
20,20
20,2
20,20
20,20
20,20
20,20
20,20
20,20
20,20
20,20
20,20
20,20
20,20
20,20
20,20
20,20
20,20
20,20
20,20
20,20
20,20
20,20
20,20
20,20
20,18
20,20
20,20
20,20
20,20
20,20
20,20
20,20
20,20
20,20
20,20
20,20
20,20
20,20
20,20
20,20
20,20
20,9
20,16
21,21
21,21
21,23
21,21
21,21
21,21
21,21
21,21
21,21
21,21
21,21
21,21
21,21
21,21
21,21
21,25
21,21
21,23
21,21
21,21
21,21
21,21
21,21
21,21
21,21
21,22
21,21
21,21
21,21
21,23
21,21
21,21
21,21
21,21
21,21
21,21
21,21
21,21
21,21
21,21
21,21
21,21
21,22
21,21
21,21
21,21
21,21
21,21
21,21
21,21
21,21
21,21
21,21
21,21
21,21
21,21
21,21
21,21
21,21
21,21
21,21
21,21
21,21
21,21
21,21
21,21
21,21
21,21
21,21
21,21
21,21
21,21
21,21
21,21
21,21
21,21
21,21
21,21
21,21
21,21
21,21
21,21
21,21
21,21
21,21
21,21
21,21
21,21
21,21
21,21
21,21
21,17
21,21
21,21
21,22
21,21
21,22
21,2
21,21
21,21
21,21
21,21
21,21
21,22
21,21
21,21
21,21
21,21
21,21
21,21
21,21
21,21
21,21
21,21
21,21
21,21
21,21
21,21
21,21
21,21
21,21
21,21
21,21
21,21
21,21
21,21
21,21
21,21
21,21
21,21
21,21
21,23
21,21
21,21
21,21
21,23
21,21
21,21
21,21
21,21
21,21
21,21
21,21
21,21
21,22
21,21
21,21
21,23
21,21
21,21
21,21
21,21
21,21
21,23
21,21
21,21
21,21
21,21
21,21
21,21
21,21
21,21
21,21
21,21
21,23
21,21
21,21
21,21
21,21
21,21
21,21
21,21
21,21
21,21
21,21
21,21
21,21
21,21
21,21
21,5
21,21
21,21
21,21
21,21
21,21
21,21
21,21
21,21
21,21
21,21
21,21
21,21
21,21
21,21
21,21
21,21
21,21
21,23
21,21
21,21
21,21
21,21
21,21
21,21
21,21
21,21
21,21
21,21
21,22
21,21
21,21
21,21
21,21
21,21
21,21
21,21
21,21
21,21
21,21
21,21
21,21
21,21
21,21
21,21
21,21
21,21
21,21
21,21
21,21
21,21
21,21
21,21
21,21
21,21
21,21
21,21
21,21
21,21
21,21
21,21
21,21
21,21
21,9
21,21
21,21
21,21
21,21
21,26
21,21
21,21
21,21
21,23
21,21
21,21
21,21
21,21
21,21
21,21
21,21
21,21
21,21
21,21
21,21
21,21
21,21
21,21
21,21
21,21
21,21
21,21
21,21
21,21
21,21
21,21
21,21
21,21
21,21
21,17
21,21
21,21
21,21
21,21
21,21
21,21
21,21
21,21
21,21
21,21
21,21
21,21
21,9
21,21
21,21
21,21
21,21
21,21
21,12
21,21
21,21
21,21
21,21
21,21
21,21
21,21
21,21
21,21
21,21
21,21
21,21
21,21
21,21
21,21
21,21
21,21
21,21
21,21
21,21
21,21
21,21
21,21
21,21
21,21
21,21
21,21
21,21
21,21
21,21
21,21
21,21
21,21
21,21
21,21
21,23
21,21
21,21
21,21
21,21
21,21
21,21
21,21
21,21
21,21
21,21
21,21
21,21
21,21
21,21
21,22
21,21
21,21
21,21
21,21
21,21
21,21
21,21
21,21
21,21
21,21
21,21
21,21
21,22
21,21
21,14
21,21
21,21
21,21
21,21
21,21
21,21
21,21
21,21
21,21
21,21
21,1
21,21
21,21
21,21
21,21
21,21
21,21
21,21
21,21
21,21
21,21
21,21
21,21
21,21
21,21
21,21
21,22
21,21
21,21
21,21
21,21
21,21
21,21
21,21
21,21
21,21
21,21
21,21
21,23
21,21
21,21
21,21
21,21
21,21
21,21
21,21
21,21
21,21
21,21
21,15
21,21
21,21
21,21
21,21
21,21
21,21
21,21
21,3
21,21
21,21
21,21
21,21
21,21
21,21
21,21
21,21
21,21
21,21
21,21
21,21
21,21
21,21
21,21
21,21
21,21
21,21
21,21
21,21
21,21
21,21
21,22
21,21
21,21
21,21
21,21
21,21
21,21
21,21
21,21
21,21
21,21
21,21
21,21
21,21
21,21
21,21
21,21
21,21
21,21
21,21
21,21
21,21
21,21
21,4
21,21
21,22
21,1
21,21
21,21
21,21
21,21
21,21
21,21
21,21
21,21
21,21
21,23
21,21
21,14
21,21
21,23
21,21
21,21
21,21
21,21
21,21
21,21
21,21
21,21
21,21
21,21
21,21
21,21
21,21
21,21
21,21
21,21
22,21
22,22
22,18
22,21
22,4
22,25
22,22
22,22
22,22
22,22
22,22
22,22
22,22
22,22
22,22
22,22
22,22
22,22
22,22
22,22
22,22
22,22
22,22
22,22
22,22
22,22
22,22
22,21
22,22
22,22
22,22
22,22
22,22
22,22
22,22
22,22
22,22
22,22
22,21
22,22
22,19
22,22
22,10
22,22
22,22
22,22
22,22
22,22
22,21
22,22
22,25
22,22
22,22
22,22
22,22
22,22
22,22
22,22
22,22
22,22
22,21
22,22
22,22
22,22
22,22
22,25
22,22
22,23
22,22
22,22
22,22
22,22
22,22
22,22
22,22
22,22
22,22
22,22
22,22
22,22
22,22
22,22
22,22
22,22
22,22
22,22
22,18
22,21
22,22
22,22
22,24
22,22
22,22
22,22
22,22
22,22
22,22
22,22
22,22
22,22
22,21
22,22
22,22
22,22
22,22
22,22
22,22
22,25
22,22
22,22
22,22
22,22
22,22
22,22
22,22
22,22
22,22
22,22
22,22
22,21
22,22
22,22
22,22
22,22
22,22
22,22
22,22
22,9
22,22
22,22
22,22
22,18
22,22
22,22
22,22
22,22
22,22
22,22
22,22
22,22
22,22
22,22
22,22
22,22
22,22
22,22
22,22
22,22
22,22
22,22
22,22
22,22
22,22
22,22
22,22
22,22
22,22
22,22
22,22
22,22
22,22
22,22
22,22
22,22
22,22
22,22
22,22
22,22
22,22
22,22
22,22
22,22
22,22
22,22
22,22
22,22
22,22
22,22
22,22
22,22
22,22
22,22
22,22
22,22
22,22
22,22
22,22
22,22
22,22
22,22
22,22
22,22
22,22
22,22
22,22
22,22
22,22
22,25
22,22
22,22
22,22
22,22
22,25
22,22
22,22
22,22
22,22
22,22
22,22
22,22
22,22
22,22
22,22
22,22
22,22
22,22
22,22
22,25
22,22
22,22
22,22
22,22
22,22
22,22
22,22
22,22
22,22
22,21
22,22
22,22
22,20
22,22
22,22
22,22
22,22
22,22
22,22
22,22
22,22
22,22
22,22
22,22
22,22
22,22
22,22
22,22
22,22
22,22
22,22
22,22
22,22
22,22
22,21
22,22
22,22
22,22
22,22
22,22
22,22
22,22
22,22
22,22
22,22
22,22
22,22
22,22
22,22
22,22
22,22
22,22
22,12
22,22
22,22
22,22
22,22
22,22
22,25
22,22
22,22
22,22
22,22
22,22
22,22
22,22
22,22
22,22
22,22
22,22
22,22
22,9
22,22
22,22
22,22
22,18
22,22
22,22
22,21
22,22
22,22
22,22
22,22
22,26
22,25
22,22
22,21
22,22
22,22
22,22
22,22
22,22
22,22
22,22
22,22
22,22
22,22
22,21
22,22
22,22
22,22
22,22
22,21
22,22
22,22
22,22
22,22
22,22
22,21
22,22
22,22
22,22
22,22
22,23
22,22
22,22
22,22
22,22
22,22
22,22
22,22
22,22
22,22
22,22
22,22
22,21
22,22
22,22
22,22
22,22
22,25
22,22
22,22
22,22
22,22
22,22
22,22
22,22
22,21
22,22
22,22
22,22
22,22
22,22
22,22
22,22
22,22
22,22
22,22
22,22
22,22
22,22
22,22
22,22
22,22
22,22
22,22
22,22
22,22
22,22
22,22
22,21
22,22
22,22
22,22
22,22
22,22
22,22
22,22
22,22
22,22
22,22
22,22
22,21
22,22
22,21
22,22
22,22
22,22
22,21
22,22
22,22
22,22
22,22
22,22
22,22
22,22
22,22
22,22
22,21
22,22
22,22
22,25
22,22
22,22
22,22
22,22
22,22
22,21
22,25
22,22
22,22
22,22
22,22
22,22
22,22
22,22
22,22
22,22
22,25
22,22
22,22
22,22
22,22
22,22
22,22
22,22
22,22
22,22
22,22
22,22
22,22
22,22
22,22
22,22
22,22
22,22
22,22
22,22
22,22
22,22
22,22
22,22
22,22
22,22
22,22
22,22
22,22
22,22
22,22
22,22
22,22
22,22
22,22
22,22
22,22
22,22
22,22
22,22
22,22
22,22
22,22
22,22
22,22
22,22
22,22
22,22
22,22
22,22
22,22
22,22
22,22
22,25
22,22
22,22
22,22
22,22
22,22
22,22
22,22
22,22
22,22
22,22
22,22
22,22
22,22
22,22
22,22
22,22
22,22
22,10
22,22
23,23
23,23
23,23
23,4
23,23
23,23
23,23
23,23
23,23
23,23
23,23
23,23
23,23
23,23
23,23
23,23
23,23
23,23
23,23
23,23
23,23
23,23
23,23
23,23
23,23
23,23
23,23
23,23
23,23
23,23
23,23
23,23
23,23
23,1
23,23
23,23
23,23
23,21
23,23
23,23
23,23
23,23
23,23
23,23
23,23
23,23
23,23
23,23
23,21
23,23
23,23
23,23
23,23
23,23
23,23
23,23
23,23
23,23
23,23
23,23
23,23
23,23
23,13
23,23
23,21
23,23
23,23
23,23
23,23
23,23
23,23
23,23
23,23
23,23
23,23
23,23
23,23
23,23
23,23
23,23
23,23
23,23
23,21
23,23
23,23
23,23
23,23
23,23
23,23
23,23
23,23
23,23
23,23
23,23
23,23
23,23
23,23
23,23
23,23
23,23
23,23
23,23
23,22
23,23
23,23
23,23
23,23
23,23
23,23
23,23
23,23
23,23
23,23
23,23
23,23
23,23
23,23
23,23
23,14
23,23
23,23
23,23
23,23
23,23
23,23
23,23
23,23
23,23
23,23
23,23
23,23
23,23
23,23
23,23
23,23
23,23
23,8
23,23
23,23
23,23
23,23
23,23
23,23
23,23
23,23
23,23
23,23
23,23
23,23
23,23
23,23
23,23
23,23
23,23
23,23
23,23
23,23
23,23
23,23
23,23
23,23
23,23
23,23
23,23
23,23
23,22
23,23
23,23
23,23
23,23
23,23
23,23
23,23
23,8
23,23
23,23
23,23
23,23
23,23
23,23
23,23
23,23
23,23
23,23
23,23
23,23
23,20
23,21
23,23
23,23
23,1
23,23
23,23
23,23
23,23
23,23
23,23
23,23
23,23
23,23
23,23
23,23
23,23
23,23
23,23
23,23
23,23
23,23
23,23
23,23
23,14
23,23
23,23
23,23
23,23
23,21
23,23
23,23
23,23
23,23
23,23
23,23
23,23
23,23
23,23
23,23
23,23
23,23
23,14
23,21
23,23
23,23
23,23
23,23
23,23
23,23
23,17
23,23
23,23
23,23
23,23
23,23
23,23
23,23
23,23
23,23
23,23
23,23
23,23
23,23
23,8
23,23
23,23
23,23
23,23
23,23
23,23
23,1
23,4
23,23
23,23
23,4
23,14
23,23
23,23
23,23
23,23
23,14
23,23
23,23
23,23
23,23
23,23
23,23
23,23
23,23
23,23
23,23
23,23
23,23
23,23
23,23
23,23
23,23
23,23
23,23
23,23
23,24
23,23
23,23
23,23
23,23
23,23
23,23
23,23
23,23
23,23
23,23
23,23
23,23
23,23
23,23
23,23
23,21
23,22
23,23
23,23
23,23
23,23
23,13
23,23
23,23
23,23
23,23
23,23
23,23
23,23
23,23
23,23
23,23
23,23
23,23
23,23
23,23
23,23
23,23
23,23
23,22
23,23
23,23
23,23
23,23
23,23
23,23
23,23
23,23
23,23
23,23
23,23
23,23
23,23
23,23
23,23
23,23
23,23
23,23
23,23
23,23
23,23
23,23
23,23
23,23
23,23
23,8
23,23
23,13
23,23
23,23
23,23
23,23
23,23
23,23
23,23
23,23
23,23
23,23
23,23
23,23
23,23
23,23
23,23
23,23
23,23
23,23
23,23
23,23
23,23
23,23
23,10
23,23
23,23
23,23
23,23
23,23
23,23
23,23
23,23
23,23
23,14
23,23
23,23
23,23
23,23
23,23
23,23
23,23
23,21
23,23
23,21
23,23
23,23
23,23
23,23
23,23
23,23
23,19
23,23
23,21
23,23
23,14
23,23
23,23
23,23
23,23
23,21
23,23
23,23
23,23
23,23
23,23
23,22
23,23
23,23
23,23
23,23
23,23
23,23
23,23
23,23
23,23
23,23
23,23
23,21
23,23
23,23
23,23
23,23
23,23
23,23
23,23
23,23
23,23
23,23
23,23
23,23
23,23
23,23
23,23
23,23
23,23
23,23
23,23
23,23
23,23
23,23
23,23
23,23
23,23
23,23
23,23
23,23
23,23
23,23
23,23
23,23
23,23
23,19
23,23
23,22
23,23
23,23
23,23
23,23
23,23
23,23
23,23
23,23
23,23
23,23
23,23
23,23
23,13
23,23
23,23
23,23
23,21
23,23
23,14
23,23
23,23
23,23
23,23
23,23
23,23
23,23
23,23
23,23
23,23
23,23
23,13
24,24
24,26
24,24
24,24
24,24
24,24
24,24
24,24
24,24
24,24
24,24
24,24
24,24
24,24
24,24
24,24
24,24
24,24
24,24
24,24
24,24
24,24
24,24
24,24
24,24
24,24
24,24
24,24
24,24
24,24
24,24
24,24
24,24
24,24
24,24
24,24
24,24
24,24
24,24
24,24
24,24
24,24
24,24
24,24
24,24
24,24
24,24
24,24
24,24
24,24
24,24
24,24
24,24
24,18
24,24
24,24
24,24
24,24
24,24
24,26
24,24
24,24
24,24
24,24
24,24
24,24
24,24
24,24
24,24
24,24
24,24
24,24
24,24
24,24
24,24
24,24
24,24
24,24
24,24
24,25
24,24
24,24
24,24
24,24
24,24
24,20
24,24
24,24
24,11
24,24
24,24
24,24
24,24
24,24
24,24
24,24
24,24
24,24
24,24
24,11
24,24
24,11
24,24
24,24
24,24
24,24
24,24
24,24
24,24
24,24
24,24
24,24
24,24
24,24
24,24
24,24
24,26
24,24
24,24
24,24
24,24
24,24
24,24
24,24
24,24
24,24
24,24
24,20
24,24
24,24
24,24
24,24
24,24
24,24
24,24
24,24
24,24
24,25
24,24
24,24
24,11
24,24
24,24
24,24
24,24
24,24
24,24
24,24
24,24
24,24
24,24
24,24
24,24
24,24
24,24
24,24
24,24
24,24
24,24
24,24
24,24
24,26
24,24
24,24
24,24
24,24
24,24
24,24
24,11
24,24
24,18
24,24
24,14
24,24
24,24
24,24
24,24
24,11
24,24
24,11
24,24
24,24
24,24
24,24
24,24
24,24
24,24
24,24
24,24
24,24
24,24
24,24
24,24
24,24
24,24
24,24
24,24
24,24
24,24
24,24
24,17
24,24
24,24
24,24
24,24
24,24
24,24
24,24
24,24
24,24
24,24
24,24
24,24
24,24
24,5
24,24
24,24
24,24
24,24
24,24
24,24
24,24
24,7
24,24
24,24
24,24
24,24
24,24
24,24
24,24
24,24
24,24
24,24
24,24
24,25
24,24
24,24
24,24
24,11
24,24
24,24
24,24
24,24
24,24
24,24
24,24
24,24
24,11
24,24
24,24
24,24
24,24
24,24
24,24
24,24
24,24
24,24
24,24
24,24
24,24
24,24
24,24
24,24
24,13
24,24
24,24
24,24
24,24
24,24
24,24
24,24
24,8
24,24
24,24
24,24
24,24
24,24
24,24
24,24
24,24
24,24
24,24
24,24
24,24
24,24
24,24
24,24
24,24
24,24
24,24
24,24
24,24
24,24
24,24
24,24
24,24
24,24
24,24
24,24
24,24
24,24
24,24
24,24
24,24
24,25
24,24
24,11
24,24
24,22
24,24
24,24
24,24
24,24
24,24
24,24
24,24
24,24
24,24
24,14
24,24
24,25
24,24
24,24
24,24
24,24
24,24
24,24
24,24
24,24
24,24
24,24
24,24
24,24
24,24
24,16
24,24
24,24
24,24
24,24
24,24
24,24
24,24
24,24
24,24
24,24
24,24
24,24
24,24
24,24
24,24
24,24
24,24
24,24
24,24
24,24
24,24
24,24
24,24
24,24
24,24
24,24
24,24
24,24
24,24
24,25
24,24
24,24
24,24
24,24
24,24
24,24
24,14
24,24
24,24
24,24
24,24
24,24
24,24
24,25
24,24
24,24
24,24
24,24
24,24
24,24
24,1
24,24
24,24
24,24
24,24
24,24
24,24
24,24
24,25
24,24
24,24
24,24
24,24
24,24
24,24
24,24
24,24
24,24
24,24
24,24
24,24
24,24
24,24
24,24
24,24
24,24
24,24
24,24
24,24
24,24
24,24
24,7
24,24
24,25
24,24
24,24
24,24
24,24
24,24
24,24
24,24
24,24
24,24
24,24
24,24
24,24
24,24
24,24
24,24
24,24
24,24
24,1
24,24
24,24
24,24
24,24
24,24
24,24
24,24
24,24
24,24
24,24
24,24
24,24
24,24
24,24
24,24
24,24
24,24
24,24
24,24
24,24
24,24
24,24
24,24
24,24
24,24
24,24
24,24
24,24
24,24
24,24
24,24
24,24
24,24
24,24
24,24
24,24
24,24
24,24
24,24
24,24
24,24
24,24
24,24
24,24
24,24
24,24
24,24
24,24
24,24
24,24
24,24
24,24
24,24
24,24
24,24
24,24
24,24
24,23
24,25
24,10
24,24
24,24
24,24
25,25
25,25
25,25
25,25
25,25
25,25
25,25
25,25
25,25
25,25
25,25
25,25
25,9
25,22
25,25
25,25
25,25
25,25
25,17
25,26
25,25
25,25
25,25
25,25
25,24
25,25
25,25
25,25
25,25
25,25
25,25
25,25
25,25
25,25
25,7
25,22
25,25
25,22
25,25
25,25
25,25
25,25
25,22
25,25
25,25
25,25
25,25
25,25
25,25
25,25
25,25
25,25
25,25
25,25
25,25
25,25
25,25
25,25
25,25
25,25
25,25
25,25
25,17
25,25
25,25
25,25
25,25
25,25
25,25
25,25
25,25
25,11
25,25
25,9
25,25
25,25
25,25
25,25
25,7
25,25
25,22
25,25
25,25
25,25
25,22
25,25
25,7
25,25
25,25
25,25
25,25
25,22
25,25
25,25
25,17
25,22
25,25
25,25
25,25
25,25
25,25
25,18
25,7
25,25
25,25
25,25
25,25
25,24
25,25
25,25
25,25
25,7
25,25
25,25
25,25
25,25
25,24
25,25
25,25
25,25
25,25
25,17
25,25
25,25
25,25
25,25
25,25
25,25
25,25
25,25
25,25
25,25
25,25
25,25
25,25
25,25
25,25
25,25
25,25
25,25
25,25
25,25
25,25
25,25
25,25
25,25
25,25
25,25
25,25
25,25
25,25
25,25
25,25
25,25
25,25
25,7
25,22
25,25
25,22
25,25
25,25
25,25
25,25
25,20
25,25
25,25
25,25
25,25
25,21
25,25
25,25
25,25
25,25
25,25
25,25
25,25
25,25
25,25
25,25
25,25
25,25
25,25
25,25
25,25
25,25
25,25
25,25
25,25
25,10
25,25
25,25
25,25
25,25
25,25
25,25
25,25
25,25
25,25
25,25
25,25
25,25
25,25
25,25
25,25
25,25
25,25
25,25
25,22
25,25
25,25
25,25
25,25
25,25
25,25
25,25
25,22
25,25
25,22
25,25
25,17
25,25
25,22
25,25
25,25
25,18
25,25
25,25
25,25
25,25
25,25
25,25
25,22
25,25
25,25
25,25
25,25
25,25
25,25
25,25
25,25
25,25
25,9
25,25
25,25
25,25
25,25
25,25
25,21
25,25
25,22
25,25
25,25
25,25
25,25
25,25
25,25
25,25
25,25
25,25
25,25
25,25
25,25
25,25
25,25
25,25
25,25
25,25
25,25
25,25
25,25
25,25
25,25
25,25
25,25
25,25
25,25
25,22
25,25
25,25
25,25
25,25
25,25
25,22
25,25
25,25
25,25
25,25
25,25
25,25
25,25
25,25
25,25
25,25
25,25
25,25
25,25
25,25
25,25
25,25
25,25
25,25
25,25
25,25
25,25
25,25
25,25
25,25
25,25
25,25
25,25
25,25
25,25
25,25
25,25
25,25
25,25
25,25
25,25
25,25
25,25
25,22
25,25
25,25
25,25
25,25
25,25
25,25
25,25
25,25
25,22
25,25
25,25
25,25
25,25
25,25
25,10
25,25
25,25
25,25
25,25
25,25
25,25
25,25
25,25
25,25
25,25
25,25
25,25
25,25
25,25
25,25
25,25
25,25
25,25
25,22
25,20
25,25
25,25
25,25
25,17
25,25
25,25
25,25
25,25
25,25
25,25
25,22
25,25
25,25
25,25
25,13
25,25
25,9
25,25
25,25
25,25
25,25
25,25
25,25
25,25
25,25
25,25
25,25
25,7
25,25
25,25
25,22
25,25
25,25
25,25
25,25
25,25
25,25
25,25
25,25
25,25
25,12
25,25
25,25
25,25
25,25
25,25
25,25
25,25
25,25
25,25
25,25
25,25
25,25
25,25
25,25
25,25
25,25
25,25
25,25
25,25
25,25
25,25
25,25
25,25
25,25
25,25
25,25
25,25
25,25
25,25
25,25
25,25
25,25
25,25
25,25
25,25
25,8
25,25
25,25
25,25
25,25
25,25
25,22
25,25
25,25
25,1
25,25
25,25
25,26
25,25
25,18
25,25
25,25
25,25
25,25
25,25
25,25
25,25
25,25
25,25
25,25
25,10
25,25
25,25
25,25
25,18
25,25
25,25
25,25
25,25
25,25
25,25
25,25
25,26
25,25
25,25
25,25
25,25
25,25
25,25
25,25
25,25
25,25
25,14
25,25
25,25
25,25
25,25
25,25
25,25
25,25
25,25
25,25
25,21
25,25
25,25
25,25
25,25
25,25
25,25
25,22
25,25
25,25
25,25
26,26
26,26
26,26
26,26
26,26
26,26
26,26
26,26
26,26
26,26
26,26
26,26
26,26
26,26
26,26
26,26
26,18
26,26
26,26
26,26
26,26
26,26
26,26
26,26
26,26
26,26
26,26
26,26
26,1
26,26
26,26
26,26
26,26
26,26
26,26
26,26
26,26
26,26
26,26
26,26
26,7
26,2
26,26
26,26
26,26
26,26
26,26
26,26
26,26
26,26
26,25
26,26
26,26
26,26
26,26
26,26
26,26
26,26
26,26
26,26
26,26
26,26
26,26
26,26
26,26
26,26
26,26
26,26
26,26
26,26
26,26
26,26
26,26
26,26
26,26
26,26
26,26
26,26
26,26
26,26
26,26
26,26
26,26
26,26
26,26
26,26
26,26
26,26
26,26
26,26
26,26
26,26
26,11
26,26
26,26
26,26
26,26
26,26
26,24
26,26
26,26
26,26
26,26
26,26
26,26
26,26
26,26
26,26
26,26
26,26
26,26
26,26
26,26
26,26
26,26
26,26
26,26
26,26
26,26
26,26
26,26
26,26
26,26
26,26
26,26
26,26
26,26
26,26
26,26
26,26
26,26
26,26
26,26
26,26
26,26
26,26
26,26
26,26
26,26
26,26
26,26
26,26
26,26
26,26
26,26
26,26
26,26
26,26
26,26
26,26
26,26
26,26
26,26
26,26
26,26
26,26
26,26
26,26
26,26
26,26
26,26
26,26
26,26
26,26
26,26
26,26
26,26
26,26
26,26
26,26
26,26
26,26
26,26
26,26
26,26
26,26
26,26
26,26
26,26
26,26
26,26
26,26
26,26
26,26
26,26
26,26
26,26
26,26
26,26
26,26
26,26
26,26
26,26
26,26
26,26
26,26
26,26
26,26
26,26
26,26
26,26
26,26
26,26
26,26
26,26
26,26
26,26
26,26
26,26
26,26
26,7
26,26
26,26
26,26
26,26
26,26
26,26
26,26
26,26
26,1
26,26
26,26
26,26
26,26
26,26
26,26
26,26
26,26
26,26
26,26
26,26
26,26
26,26
26,26
26,26
26,26
26,26
26,26
26,26
26,26
26,26
26,26
26,26
26,26
26,26
26,26
26,5
26,26
26,26
26,26
26,26
26,26
26,26
26,26
26,24
26,26
26,26
26,26
26,26
26,26
26,26
26,26
26,26
26,26
26,26
26,21
26,26
26,26
26,26
26,26
26,26
26,26
26,26
26,26
26,26
26,26
26,26
26,26
26,26
26,26
26,26
26,26
26,26
26,26
26,26
26,26
26,26
26,26
26,26
26,7
26,26
26,26
26,26
26,26
26,26
26,26
26,26
26,26
26,1
26,26
26,26
26,26
26,26
26,26
26,26
26,26
26,26
26,26
26,26
26,26
26,26
26,26
26,26
26,26
26,26
26,26
26,26
26,26
26,26
26,26
26,26
26,26
26,26
26,26
26,26
26,26
26,26
26,26
26,26
26,26
26,26
26,26
26,26
26,26
26,26
26,26
26,26
26,26
26,26
26,26
26,26
26,26
26,26
26,26
26,26
26,26
26,26
26,26
26,26
26,26
26,26
26,1
26,20
26,26
26,26
26,26
26,24
26,26
26,26
26,26
26,26
26,26
26,26
26,26
26,26
26,26
26,26
26,26
26,26
26,26
26,26
26,26
26,26
26,26
26,26
26,26
26,26
26,26
26,26
26,26
26,26
26,26
26,26
26,26
26,26
26,26
26,26
26,26
26,7
26,26
26,26
26,26
26,26
26,26
26,26
26,26
26,26
26,26
26,26
26,26
26,26
26,26
26,26
26,18
26,26
26,26
26,26
26,26
26,26
26,26
26,26
26,26
26,26
26,26
26,26
26,6
26,26
26,26
26,26
26,26
26,26
26,26
26,26
26,26
26,26
26,26
26,26
26,26
26,26
26,26
26,26
26,26
26,26
26,26
26,26
26,26
26,26
26,26
26,26
26,26
26,26
26,26
26,26
26,26
26,26
26,26
26,26
26,26
26,5
26,26
26,26
26,26
26,26
26,26
26,26
26,26
26,26
26,26
26,26
26,16
26,26
26,26
26,26
26,26
26,26
26,26
26,26
26,26
26,26
26,26
26,26
26,26
26,26
26,26
26,26
26,26
26,26
26,26
26,26
26,26
26,26
26,26
26,26
26,26
26,26
26,26
26,26
26,26
26,26
26,26
26,26
26,26
26,26
26,26
26,26
26,26
26,26
26,26
26,26
26,26
